"ahhh","DQsound","misc/momuri/ahhh08.mp3"
"ainotameni","","misc/momuri/ainotameni.mp3"
"boke","","misc/momuri/boke.mp3"
"boom","","misc/momuri/boom.mp3"
"bossyu","","misc/momuri/bossyu.mp3"
"danke","","misc/momuri/danke.mp3"
"mommy","","misc/momuri/dude_ohmommy_en.mp3"
"erozaru","","misc/momuri/erozaru.mp3"
"freedom","","misc/momuri/freedom.mp3"
"furiabu","","misc/momuri/furiabu.mp3"
"gibson","","misc/momuri/gibson.mp3"
"gogohan","","misc/momuri/gogohan.mp3"
"huhaha","","misc/momuri/huhaha.mp3"
"lipod","","misc/momuri/lipod.mp3"
"magure","","misc/momuri/magure.mp3"
"mahjong","","misc/momuri/mahjong.mp3"
"hosoku","","misc/momuri/mhosoku.mp3"
"teikou","","misc/momuri/teikou.mp3"
"nande","","misc/momuri/nande.mp3"
"nanteyatu","","misc/momuri/nanteyatsu.mp3"
"omigoto","","misc/momuri/omigoto.mp3"
"ohno","","misc/momuri/ohno.mp3"
"saba","","misc/momuri/saba-.mp3"
"sniper","","misc/momuri/sniper.mp3"
"sousano","","misc/momuri/sousano.mp3"
"yabage","","misc/momuri/yabage.mp3"
"yakutatazu","","misc/momuri/yakutatazu.mp3"
"ded","New sounds","misc/momuri/ded08.mp3"
"gj","","vo/pauling/Plng_contract_complete_allclass_05.mp3"
"gw","","vo/pauling/Plng_contract_complete_allclass_04.mp3"
"hi","","vo/items/wheatley_sapper/wheatley_sapper_pulledout01.mp3","vo/items/wheatley_sapper/wheatley_sapper_pulledout02.mp3","vo/items/wheatley_sapper/wheatley_sapper_pulledout04.mp3","vo/items/wheatley_sapper/wheatley_sapper_pulledout06.mp3","vo/items/wheatley_sapper/wheatley_sapper_pulledout08.mp3","vo/items/wheatley_sapper/wheatley_sapper_pulledout16.mp3","vo/items/wheatley_sapper/wheatley_sapper_pulledout59.mp3"
"med","","misc/momuri/medic.mp3"
"med2","","misc/momuri/medic2.mp3"
"med3","","misc/momuri/medic3.mp3"
"no","","misc/momuri/no.mp3"
"nw","","vo/pauling/Plng_contract_complete_allclass_02.mp3"
"okay","","vo/sniper_yes02.mp3"
"raus","","misc/momuri/raus.mp3"
"sry","","misc/momuri/sry.mp3"
"thx","","misc/momuri/thx.mp3"
"thx2","","misc/momuri/thx2.mp3"
"wat","","vo/scout_invinciblenotready05.mp3"
"yes","","misc/momuri/yes.mp3"
"yeey","","misc/momuri/yeey.mp3"
"bad","v2","misc/momuri/bad.mp3"
"camera","","misc/momuri/camera.mp3"
"cheese","","misc/momuri/cheese.mp3"
"dejavu","","misc/momuri/dejavu.mp3"
"go3","","misc/momuri/go3.mp3"
"help","","misc/momuri/help.mp3"
"help2","","misc/momuri/help2.mp3"
"help3","","misc/momuri/help3.mp3"
"np","","vo/scout_autocappedcontrolpoint04.mp3"
"ohno2","","misc/momuri/ohno2.mp3"
"omg","","misc/momuri/omg.mp3"
"omg2","","misc/momuri/omfg.mp3"
"ed","cssradio","misc/momuri/ed.mp3"
"es","","misc/momuri/es.mp3"
"fih","","misc/momuri/fih.mp3"
"fm","","misc/momuri/fm.mp3"
"go","","misc/momuri/go.mp3"
"go2","","misc/momuri/go2.mp3"
"nb","","misc/momuri/nb.mp3"
"rgr","","misc/momuri/rgr.mp3"
"takept","","misc/momuri/takept.mp3"
"cruber","okada","misc/momuri/cruber.mp3"
"dai1","","misc/momuri/dai1.mp3"
"daini","","misc/momuri/daini.mp3"
"daini2","","misc/momuri/daini2.mp3"
"go4","","misc/momuri/go4.mp3"
"hidari","","misc/momuri/hidarikara.mp3"
"iine","","misc/momuri/iine.mp3"
"iine2","","misc/momuri/iine2.mp3"
"ike","","misc/momuri/ike.mp3"
"ikuzo","","misc/momuri/ikuzo.mp3"
"inc","","misc/momuri/inc.mp3"
"joukyo","","misc/momuri/joukyo.mp3"
"kodomo","","misc/momuri/kodomo.mp3"
"lol","","misc/momuri/lol.mp3"
"lol2","","misc/momuri/lol2.mp3"
"medgo","","misc/momuri/medgo.mp3"
"osemasu","","misc/momuri/osemasu.mp3"
"purin","","misc/momuri/purin.mp3"
"pyro","","misc/momuri/pyro.mp3"
"rgr2","","misc/momuri/rgr2.mp3"
"rule","","misc/momuri/rule.mp3"
"sinanaide","","misc/momuri/sinanaide.mp3"
"sindara","","misc/momuri/sindara.mp3"
"sou2","","misc/momuri/sou2.mp3"
"spy","","misc/momuri/spy.mp3"
"sry2","","misc/momuri/sry2.mp3"
"thx3","","misc/momuri/thx3.mp3"
"wakatta","","misc/momuri/wakattaka.mp3"
"wakatte","","misc/momuri/wakatte.mp3"
"yoro","","misc/momuri/yoro.mp3"
"yoro2","","misc/momuri/yoro2.mp3"
"a-!","gachimuchi thank you seboom!","misc/momuri/a-!.mp3"
"anta","","misc/momuri/anta.mp3"
"app","","misc/momuri/app.mp3"
"burei","","misc/momuri/burei.mp3"
"chance","","misc/momuri/chance.mp3"
"cmon","","misc/momuri/cmon.mp3"
"cmon2","","misc/momuri/cmon2.mp3"
"doumo","","misc/momuri/doumo.mp3"
"dousiyo","","misc/momuri/dousiyo.mp3"
"huguri","","misc/momuri/huguri.mp3"
"ikiro","","misc/momuri/ikiro.mp3"
"iza","","misc/momuri/iza.mp3"
"kani","","misc/momuri/kani.mp3"
"kani2","","misc/momuri/kani2.mp3"
"kora","","misc/momuri/kora.mp3"
"matigae","","misc/momuri/matigae.mp3"
"nanigeni","","misc/momuri/nanigeni.mp3"
"nice","","misc/momuri/nice.mp3"
"odoroki","","misc/momuri/odoroki.mp3"
"saikyou","","misc/momuri/saikyou.mp3"
"snpr","","misc/momuri/snpr.mp3"
"tuyoku","","misc/momuri/tuyoku.mp3"
"uaa","","misc/momuri/uaa.mp3"
"udon","","misc/momuri/udon.mp3"
"uetuke","","misc/momuri/uetuke.mp3"
"uoo","","misc/momuri/uoo.mp3"
"vgood","","misc/momuri/vgood.mp3"
"warosu","","misc/momuri/warosu.mp3"
"yugami","","misc/momuri/yugami.mp3"
"donmai","okada_ver2","misc/momuri/donmai.mp3"
"dousuru","","misc/momuri/dousuru.mp3"
"fighter","","misc/momuri/fighter.mp3"
"fighter2","","misc/momuri/fighter2.mp3"
"fighter3","","misc/momuri/fighter3.mp3"
"gkbr","","misc/momuri/gkbr.mp3"
"go5","","misc/momuri/go5.mp3"
"gosaku","","misc/momuri/gosaku.mp3"
"hahaha","","misc/momuri/hahaha.mp3"
"hajimete","","misc/momuri/hajimete.mp3"
"hehehe","","misc/momuri/hehehe.mp3"
"iine3","","misc/momuri/iine3.mp3"
"iiwa","","misc/momuri/iiwa.mp3"
"ike2","","misc/momuri/ike2.mp3"
"ilove","","misc/momuri/ilove.mp3"
"ilove2","","misc/momuri/ilove2.mp3"
"kaketeya","","misc/momuri/kaketeya.mp3"
"kireina","","misc/momuri/kireina.mp3"
"kowasiteru","","misc/momuri/kowasiteru.mp3"
"lol3","","misc/momuri/lol3.mp3"
"medgo2","","misc/momuri/medgo2.mp3"
"med5","","misc/momuri/medic5.mp3"
"moriaga","","misc/momuri/moriaga.mp3"
"mvp","","misc/momuri/mvp.mp3"
"mvp2","","misc/momuri/mvp2.mp3"
"nagaku","","misc/momuri/nagaku.mp3"
"iiwa2","","misc/momuri/nakanaka.mp3"
"nice2","","misc/momuri/nice2.mp3"
"sg","","misc/momuri/sg.mp3"
"sg2","","misc/momuri/sg2.mp3"
"sg3","","misc/momuri/sg3.mp3"
"sinanai","","misc/momuri/sinanai.mp3"
"sinanai2","","misc/momuri/sinanai2.mp3"
"taihen","","misc/momuri/taihen.mp3"
"tension","","misc/momuri/tension.mp3"
"ugoki","","misc/momuri/ugoki.mp3"
"wahaha","","misc/momuri/wahaha.mp3"
"wakaruka","","misc/momuri/wakaruka.mp3"
"yaba","","misc/momuri/yaba.mp3"
"zamen","","misc/momuri/zamen.mp3"
"babies","chozo","misc/momuri/babies.mp3"
"saw","","misc/momuri/bonesaw.mp3"
"disp","","misc/momuri/disp.mp3"
"dyin","","misc/momuri/dyin.mp3"
"fkngun","","misc/momuri/fkngun.mp3"
"fucktm","","misc/momuri/fkthem.mp3"
"fuck","","misc/momuri/fuck.mp3"
"fuck2","","misc/momuri/fuck2.mp3"
"gjm","","misc/momuri/gjm.mp3"
"letsgo4","","misc/momuri/letsgo4.mp3"
"hungry","","misc/momuri/hungry.mp3"
"igot","","misc/momuri/igot.mp3"
"letsgo","","misc/momuri/letsgo.mp3"
"letsgo2","","misc/momuri/letsgo2.mp3"
"letsgo3","","misc/momuri/letsgo3.mp3"
"med4","","misc/momuri/medic4.mp3"
"pyro2","","misc/momuri/pyro2.mp3"
"sand","","misc/momuri/sandwich.mp3"
"sand2","","misc/momuri/sandwich2.mp3"
"ubr","","misc/momuri/ubr.mp3"
"ubr2","","misc/momuri/ubr2.mp3"
"damn","MLG","misc/momuri/damn.mp3"
"exgirl","","misc/momuri/exgirl.mp3"
"hit","","misc/momuri/hit.mp3"
"horn","","misc/momuri/horn.mp3"
"horn2","","misc/momuri/horn2.mp3"
"illum","","misc/momuri/illumi.mp3"
"inter","","misc/momuri/inter.mp3"
"noscope","","misc/momuri/noscope.mp3"
"ohhh","","misc/momuri/ohhh.mp3"
"pussy","","misc/momuri/pussy.mp3"
"sadv","","misc/momuri/sadviolin.mp3"
"scrm","","misc/momuri/scrm.mp3"
"scrm2","","misc/momuri/scrm2.mp3"
"scrm3","","misc/momuri/scrm3.mp3"
"sike","","misc/momuri/sike.mp3"
"supris","","misc/momuri/surprise.mp3"
"uwot","","misc/momuri/uwotm8.mp3"
"watcha","","misc/momuri/watcha.mp3"
"weed","","misc/momuri/weed.mp3"
"wombo","","misc/momuri/wombo.mp3"
"wombo2","","misc/momuri/wombo2.mp3"
"wombo3","","misc/momuri/wombo3.mp3"
"wow","","misc/momuri/wow.mp3"
"ahhh2","v3","misc/momuri/ahhh2.mp3"
"ahhh3","","misc/momuri/ahhh3.mp3"
"good","","vo/heavy_goodjob02.mp3"
"hax","","misc/momuri/hax.mp3"
"hi2","","misc/momuri/hi2.mp3"
"hi3","","misc/momuri/hi3.mp3"
"hi4","","misc/momuri/hi4.mp3"
"hurt","","misc/momuri/hurt.mp3"
"inc2","","misc/momuri/inc2.mp3"
"inc3","","misc/momuri/inc3.mp3"
"kiddin","","vo/items/wheatley_sapper/wheatley_sapper_putback08.mp3"
"no2","","misc/momuri/no2.mp3"
"no3","","vo/heavy_no02.mp3"
"nooo","","misc/momuri/nooo.mp3"
"nooo2","","misc/momuri/nooo2.mp3"
"ok","","misc/momuri/ok.mp3"
"ok2","","misc/momuri/ok2.mp3"
"ok3","","misc/momuri/ok3.mp3"
"rld","","misc/momuri/rld.mp3"
"rld2","","misc/momuri/rld2.mp3"
"rld3","","misc/momuri/rld3.mp3"
"sry3","","misc/momuri/sry3.mp3"
"sry4","","misc/momuri/sry4.mp3"
"yes2","","misc/momuri/yes2.mp3"
"yes3","","misc/momuri/yes3.mp3"
"attack","imas thank you kyabetsu!","misc/momuri/imas/attack.mp3"
"atuku","","misc/momuri/imas/atuku.mp3"
"atuku2","","misc/momuri/imas/atuku2.mp3"
"atuku3","","misc/momuri/imas/atuku3.mp3"
"best","","misc/momuri/imas/best.mp3"
"bomb","","misc/momuri/imas/bomb.mp3"
"bomb2","","misc/momuri/imas/bomb2.mp3"
"bomb3","","misc/momuri/imas/bomb3.mp3"
"fire","","misc/momuri/imas/fire.mp3"
"ganbari","","misc/momuri/imas/ganbari.mp3"
"genba","","misc/momuri/imas/genba.mp3"
"genki2","","misc/momuri/imas/genki2.mp3"
"genki3","","misc/momuri/imas/genki3.mp3"
"gotohell","","misc/momuri/imas/gotohell.mp3"
"kiaino","","misc/momuri/imas/kiaino.mp3"
"kinoko","","misc/momuri/imas/kinoko.mp3"
"koi","","misc/momuri/imas/koi.mp3"
"kokoha","","misc/momuri/imas/kokoha.mp3"
"koredayo","","misc/momuri/imas/koredayo.mp3"
"makasete","","misc/momuri/imas/makasete.mp3"
"makema","","misc/momuri/imas/makema.mp3"
"megane","","misc/momuri/imas/megane.mp3"
"megane2","","misc/momuri/imas/megane2.mp3"
"moe","","misc/momuri/imas/moe.mp3"
"mumun","","misc/momuri/imas/mumun.mp3"
"nani2","","misc/momuri/imas/nina.mp3"
"osite","","misc/momuri/imas/osite.mp3"
"shoubu","","misc/momuri/imas/shoubu.mp3"
"sigoto","","misc/momuri/imas/sigoto.mp3"
"simeru","","misc/momuri/imas/simeru.mp3"
"susumi","","misc/momuri/imas/susumi.mp3"
"tetudai","","misc/momuri/imas/tetudai.mp3"
"try","","misc/momuri/imas/try.mp3"
"undo","","misc/momuri/imas/undo.mp3"
"zensin","","misc/momuri/imas/zensin.mp3"
"443","shuzo thank you kyabetsu!","misc/momuri/shuzo/443.mp3"
"4432","","misc/momuri/shuzo/4432.mp3"
"aha","","misc/momuri/shuzo/aha.mp3"
"ariga","","misc/momuri/shuzo/ariga.mp3"
"dame","","misc/momuri/shuzo/dame.mp3"
"doudou","","misc/momuri/shuzo/doudouto.mp3"
"ganba","","misc/momuri/shuzo/ganba.mp3"
"genki","","misc/momuri/shuzo/genki.mp3"
"hanasi","","misc/momuri/shuzo/hanashi.mp3"
"honki","","misc/momuri/shuzo/honki.mp3"
"honki2","","misc/momuri/shuzo/honki2.mp3"
"ikuzo2","","misc/momuri/shuzo/ikuzo2.mp3"
"kuyo","","misc/momuri/shuzo/kuyo.mp3"
"mienai","","misc/momuri/shuzo/mienai.mp3"
"neve","","misc/momuri/shuzo/neve.mp3"
"okome","","misc/momuri/shuzo/okome.mp3"
"oreni","","misc/momuri/shuzo/oreni.mp3"
"para","","misc/momuri/shuzo/para.mp3"
"yoro3","","misc/momuri/shuzo/yoroshiku.mp3"
"burei2","maro thank you mumalice!","misc/momuri/maro/burei2.mp3"
"damarya","","misc/momuri/maro/damarya.mp3"
"deae","","misc/momuri/maro/deae.mp3"
"kire","","misc/momuri/maro/kire.mp3"
"kokoro","","misc/momuri/maro/kokorosite.mp3"
"nani","","misc/momuri/maro/nani.mp3"
"nanja","","misc/momuri/maro/nanja.mp3"
"oide","","misc/momuri/maro/oide.mp3"
"10man","commando thank you rakutan!","misc/momuri/comma/10man.mp3"
"abunai","","misc/momuri/comma/abunai.mp3"
"atama","","misc/momuri/comma/atama.mp3"
"bariki","","misc/momuri/comma/bariki.mp3"
"bi-ru","","misc/momuri/comma/bi-ru.mp3"
"bibitte","","misc/momuri/comma/bibitte.mp3"
"bukko","","misc/momuri/comma/bukko.mp3"
"daisan","","misc/momuri/comma/daisan.mp3"
"dame2","","misc/momuri/comma/dame2.mp3"
"deen","","misc/momuri/comma/deen.mp3"
"doko","","misc/momuri/comma/doko.mp3"
"egasira","","misc/momuri/comma/egasira.mp3"
"hayaku","","misc/momuri/comma/hayaku.mp3"
"hentai","","misc/momuri/comma/hentai.mp3"
"hitori","","misc/momuri/comma/hitori.mp3"
"iibasho","","misc/momuri/comma/iibasyo.mp3"
"iioto","","misc/momuri/comma/iioto.mp3"
"iku","","misc/momuri/comma/iku.mp3"
"isoge","","misc/momuri/comma/isoge.mp3"
"iyou","","misc/momuri/comma/iyou.mp3"
"jigoku","","misc/momuri/comma/jigoku.mp3"
"kaiteki","","misc/momuri/comma/kaiteki.mp3"
"kakasi","","misc/momuri/comma/kakasi.mp3"
"kakko","","misc/momuri/comma/kakko.mp3"
"karate","","misc/momuri/comma/karate.mp3"
"kiwo","","misc/momuri/comma/kiwo.mp3"
"koiyo","","misc/momuri/comma/koiyo.mp3"
"konote","","misc/momuri/comma/konote.mp3"
"kotti","","misc/momuri/comma/kotti.mp3"
"kowaika","","misc/momuri/comma/kowaika.mp3"
"kozeni","","misc/momuri/comma/kozeni.mp3"
"kuruma","","misc/momuri/comma/kuruma.mp3"
"kusoo","","misc/momuri/comma/kusoo.mp3"
"kutabare","","misc/momuri/comma/kutabare1.mp3"
"kutabare2","","misc/momuri/comma/kutabare2.mp3"
"kyad","","misc/momuri/comma/kyad1.mp3"
"kyad2","","misc/momuri/comma/kyad2.mp3"
"mada","","misc/momuri/comma/mada.mp3"
"mataaou","","misc/momuri/comma/mataaou.mp3"
"matina","","misc/momuri/comma/matina1.mp3"
"matina2","","misc/momuri/comma/matina2.mp3"
"matte","","misc/momuri/comma/matte1.mp3"
"matte2","","misc/momuri/comma/matte2.mp3"
"matte3","","misc/momuri/comma/matte3.mp3"
"matteta","","misc/momuri/comma/matteta.mp3"
"miken","","misc/momuri/comma/miken.mp3"
"mitekoi","","misc/momuri/comma/mitekoi.mp3"
"modoru","","misc/momuri/comma/modoru.mp3"
"moto","","misc/momuri/comma/moto.mp3"
"moitido","","misc/momuri/comma/mouitido.mp3"
"nanda","","misc/momuri/comma/nanda.mp3"
"naniga","","misc/momuri/comma/naniga.mp3"
"negoto","","misc/momuri/comma/negoto.mp3"
"ok4","","misc/momuri/comma/ok4.mp3"
"ok5","","misc/momuri/comma/ok5.mp3"
"otituke","","misc/momuri/comma/otituke.mp3"
"pon","","misc/momuri/comma/pon.mp3"
"roke","","misc/momuri/comma/roke.mp3"
"senyuu","","misc/momuri/comma/senyuu.mp3"
"simura","","misc/momuri/comma/simura.mp3"
"sitai","","misc/momuri/comma/sitai.mp3"
"siturei","","misc/momuri/comma/siturei.mp3"
"souda","","misc/momuri/comma/souda.mp3"
"sumanai","","misc/momuri/comma/sumanai.mp3"
"tasukete","","misc/momuri/comma/tasukete1.mp3"
"tasukete2","","misc/momuri/comma/tasukete2.mp3"
"temee","","misc/momuri/comma/temee1.mp3"
"temee2","","misc/momuri/comma/temee2.mp3"
"temee3","","misc/momuri/comma/temee3.mp3"
"tesshu","","misc/momuri/comma/tessyuu.mp3"
"tikusho","","misc/momuri/comma/tikusyo.mp3"
"trick","","misc/momuri/comma/torikku.mp3"
"ugoke","","misc/momuri/comma/ugoke.mp3"
"usoda","","misc/momuri/comma/usoda.mp3"
"ute","","misc/momuri/comma/ute.mp3"
"yaban","","misc/momuri/comma/yaban.mp3"
"yakubi","","misc/momuri/comma/yakubi.mp3"
"yama","","misc/momuri/comma/yama.mp3"
"yame","","misc/momuri/comma/yame.mp3"
"yarisugi","","misc/momuri/comma/yarisugi.mp3"
"yarou","","misc/momuri/comma/yarou.mp3"
"yasume","","misc/momuri/comma/yasume.mp3"
"zan","","misc/momuri/comma/zan.mp3"
"afg","predator thank you rakutan!","misc/momuri/pred/afg.mp3"
"bakemono","","misc/momuri/pred/bakemono.mp3"
"dasina","","misc/momuri/pred/dasina.mp3"
"detekoi","","misc/momuri/pred/detekoi.mp3"
"hade","","misc/momuri/pred/hade.mp3"
"hai","","misc/momuri/pred/hai.mp3"
"hidee","","misc/momuri/pred/hidee.mp3"
"itazo","","misc/momuri/pred/itazo.mp3"
"jama","","misc/momuri/pred/jama.mp3"
"kataki","","misc/momuri/pred/kataki.mp3"
"koroseru","","misc/momuri/pred/koroseru.mp3"
"matiya","","misc/momuri/pred/matiyagare.mp3"
"saiaku","","misc/momuri/pred/saiaku.mp3"
"usotuki","","misc/momuri/pred/usotuki.mp3"
"3nin","momuri server in a nutshell","misc/momuri/amagami/3nin.mp3"
"chotto","","misc/momuri/amagami/chotto.mp3"
"kotti2","","misc/momuri/amagami/kotti.mp3"
"owari","","misc/momuri/amagami/owari.mp3"
"sketto","","misc/momuri/amagami/sketto.mp3"
"tanosima","","misc/momuri/amagami/tanosima.mp3"
"team","","misc/momuri/amagami/team.mp3"
"team2","","misc/momuri/amagami/team2.mp3"
"un","","misc/momuri/amagami/un.mp3"
"yaccha","","misc/momuri/amagami/yaccha.mp3"
"yattere","","misc/momuri/amagami/yattere.mp3"
"pill","tuujou","misc/momuri/pill.mp3"
"pill2","","misc/momuri/pill2.mp3"
"affi","css","misc/momuri/css/affi.mp3"
"bmbdef","","misc/momuri/css/bmbdef.mp3"
"bmbpl","","misc/momuri/css/bmbpl.mp3"
"cm","","misc/momuri/css/cm.mp3"
"ctwin","","misc/momuri/css/ctwin.mp3"
"fb","","misc/momuri/css/fb.mp3"
"lockn","","misc/momuri/css/lockn.mp3"
"na","","misc/momuri/css/na.mp3"
"pos","","misc/momuri/css/pos.mp3"
"pos2","","misc/momuri/css/pos2.mp3"
"sc","","misc/momuri/css/sc.mp3"
"trwin","","misc/momuri/css/trwin.mp3"
"spk","mlg","misc/momuri/mlg/spk.mp3"
"spk2","","misc/momuri/mlg/spk2.mp3"
"spk3","","misc/momuri/mlg/spk3.mp3"
"akbar","","misc/momuri/mlg/akbar.mp3"
"bam","","misc/momuri/mlg/bam.mp3"
"cena","","misc/momuri/mlg/cena.mp3"
"conf","","misc/momuri/mlg/conf.mp3"
"doit","","misc/momuri/mlg/doit.mp3"
"doit2","","misc/momuri/mlg/doit2.mp3"
"doit3","","misc/momuri/mlg/doit3.mp3"
"faze","","misc/momuri/mlg/faze.mp3"
"find","","misc/momuri/mlg/find.mp3"
"notrap","","misc/momuri/mlg/notrap.mp3"
"ohhh2","","misc/momuri/mlg/ohhh2.mp3"
"rekt","","misc/momuri/mlg/rekt.mp3"
"scrm4","","misc/momuri/mlg/scrm4.mp3"
"triple","","misc/momuri/mlg/triple.mp3"
"pootis","tf2 thx medic!","misc/momuri/pootis.mp3"
"bonk","","vo/scout_specialcompleted03.mp3"
"da","","vo/heavy_yes01.mp3"
"pow","","vo/heavy_niceshot02.mp3"
"hiiha2","","vo/engineer_gunslingertriplepunchfinal01.mp3"
"ahhh4","","vo/soldier_paincrticialdeath01.mp3"
"dododo","","vo/heavy_cheers08.mp3"
"inc4","","vo/heavy_incoming03.mp3"
"9","","vo/medic_no01.mp3"
"ragequit","","misc/momuri/ragequit.mp3"
"yes4","","vo/announcer_am_killstreak07.mp3"
"12","portal","misc/momuri/ptl/12.mp3"
"bla","","misc/momuri/ptl/bla.mp3"
"bla2","","misc/momuri/ptl/bla2.mp3"
"burn","","misc/momuri/ptl/burn.mp3"
"expl","","misc/momuri/ptl/expl.mp3"
"hiiha","","misc/momuri/ptl/hi-ha.mp3"
"hi5","","misc/momuri/ptl/hi5.mp3"
"iam","","misc/momuri/ptl/iam.mp3"
"meow","","misc/momuri/ptl/meow.mp3"
"potato","","misc/momuri/ptl/potato.mp3"
"recipe","","misc/momuri/ptl/recipe.mp3"
"stu","","misc/momuri/ptl/stu.mp3"
"stu2","","misc/momuri/ptl/stu2.mp3"
"abunai2","gachimuchi thx sparmass!","misc/momuri/gachimuchi_02/abunai2.mp3"
"area","","misc/momuri/gachimuchi_02/area.mp3"
"awc","","misc/momuri/gachimuchi_02/awc.mp3"
"bibitte2","","misc/momuri/gachimuchi_02/bibitte2.mp3"
"busines","","misc/momuri/gachimuchi_02/busines.mp3"
"darasinee","","misc/momuri/gachimuchi_02/darasinee.mp3"
"ddf","","misc/momuri/gachimuchi_02/ddf.mp3"
"douiu","","misc/momuri/gachimuchi_02/douiu.mp3"
"eezo","","misc/momuri/gachimuchi_02/eezo.mp3"
"eezo2","","misc/momuri/gachimuchi_02/eezo2.mp3"
"fku","","misc/momuri/gachimuchi_02/fku.mp3"
"fku2","","misc/momuri/gachimuchi_02/fku2.mp3"
"genki4","","misc/momuri/gachimuchi_02/genki2.mp3"
"hitono","","misc/momuri/gachimuchi_02/hitono.mp3"
"hiwai","","misc/momuri/gachimuchi_02/hiwai.mp3"
"ikiru","","misc/momuri/gachimuchi_02/ikiru.mp3"
"kamata","","misc/momuri/gachimuchi_02/kamata.mp3"
"kowai","","misc/momuri/gachimuchi_02/kowai.mp3"
"kowai2","","misc/momuri/gachimuchi_02/kowai2.mp3"
"ilove3","","misc/momuri/gachimuchi_02/ilove3.mp3"
"mgp","","misc/momuri/gachimuchi_02/mgp.mp3"
"saboten","","misc/momuri/gachimuchi_02/saboten.mp3"
"speed","","misc/momuri/gachimuchi_02/speed.mp3"
"thx4","","misc/momuri/gachimuchi_02/thx4.mp3"
"wwb123","","misc/momuri/gachimuchi_02/wwb123.mp3"
"demopan","fnaf_demopan thx shimane!","misc/momuri/fnaf_demopan/demopan.mp3"
"dumdum","","misc/momuri/fnaf_demopan/dumdum.mp3"
"hahab","","misc/momuri/fnaf_demopan/hahab.mp3"
"hellob","","misc/momuri/fnaf_demopan/hellob.mp3"
"hib","","misc/momuri/fnaf_demopan/hib.mp3"
"10nen","death_crimson thx boukansya52!","misc/momuri/death_crimson/10nen.mp3"
"1up","","misc/momuri/death_crimson/1up.mp3"
"a-","","misc/momuri/death_crimson/a-.mp3"
"aa","","misc/momuri/death_crimson/aa.mp3"
"akira","","misc/momuri/death_crimson/akira.mp3"
"aware","","misc/momuri/death_crimson/aware.mp3"
"dani","","misc/momuri/death_crimson/dani.mp3"
"death","","misc/momuri/death_crimson/death.mp3"
"kono","","misc/momuri/death_crimson/kono.mp3"
"konya","","misc/momuri/death_crimson/konya.mp3"
"kotti3","","misc/momuri/death_crimson/kotti3.mp3"
"kousite","","misc/momuri/death_crimson/kousite.mp3"
"kuso","","misc/momuri/death_crimson/kuso.mp3"
"nanda2","","misc/momuri/death_crimson/nanda2.mp3"
"ohno4","","misc/momuri/death_crimson/ohno4.mp3"
"sekkak","","misc/momuri/death_crimson/sekkak.mp3"
"te-ma","","misc/momuri/death_crimson/te-ma.mp3"
"toni","","misc/momuri/death_crimson/toni.mp3"
"ue","","misc/momuri/death_crimson/ue.mp3"
"yari","","misc/momuri/death_crimson/yari.mp3"
"yoru","","misc/momuri/death_crimson/yoru.mp3"
"hip","fnaf_add","misc/momuri/fnaf_add/hip.mp3"
"hip2","","misc/momuri/fnaf_add/hip2.mp3"
"hip3","","misc/momuri/fnaf_add/hip3.mp3"
"lolf","","misc/momuri/fnaf_add/lolf.mp3"
"lolf2","","misc/momuri/fnaf_add/lolf2.mp3"
"lolf3","","misc/momuri/fnaf_add/lolf3.mp3"
"nose","","misc/momuri/fnaf_add/nose.mp3"
"ohno3","","misc/momuri/fnaf_add/ohno3.mp3"
"run","","misc/momuri/fnaf_add/run.mp3"
"scare","","misc/momuri/fnaf_add/scare.mp3"
"yeah","","misc/momuri/fnaf_add/yeah.mp3"
"demopan2","fnaf_demopan","misc/momuri/fnaf_demopan/demopan2.mp3"
"busuri","gachimuchi_03","misc/momuri/gachimuchi_03/busuri.mp3"
"hagesii","","misc/momuri/gachimuchi_03/hagesii.wav"
"hidoi","","misc/momuri/gachimuchi_03/hidoi.mp3"
"ikemen","","misc/momuri/gachimuchi_03/ikemen.mp3"
"iwani","","misc/momuri/gachimuchi_03/iwani.mp3"
"maketa","","misc/momuri/gachimuchi_03/maketa.mp3"
"mondai","","misc/momuri/gachimuchi_03/mondai.mp3"
"ojisan","","misc/momuri/gachimuchi_03/ojisan.mp3"
"oooo","","misc/momuri/gachimuchi_03/oooo.mp3"
"pong","","misc/momuri/gachimuchi_03/pong.mp3"
"saiaku2","","misc/momuri/gachimuchi_03/saiaku2.mp3"
"sinsi","","misc/momuri/gachimuchi_03/sinsi.mp3"
"sikatana","","misc/momuri/gachimuchi_03/sikatana.mp3"
"styli","","misc/momuri/gachimuchi_03/styli.mp3"
"sukebe","","misc/momuri/gachimuchi_03/sukebe.mp3"
"sukui","","misc/momuri/gachimuchi_03/sukui.mp3"
"tikusho2","","misc/momuri/gachimuchi_03/tikusho2.mp3"
"wrest","","misc/momuri/gachimuchi_03/wrestler.mp3"
"yattuke","","misc/momuri/gachimuchi_03/yattuke.mp3"
"yukipo","","misc/momuri/gachimuchi_03/yukipo.mp3"
"yuwaku","","misc/momuri/gachimuchi_03/yuwaku.mp3"
"1v1","commando v2","misc/momuri/comma_02/1v1.mp3"
"aaaa","","misc/momuri/comma_02/aaaa.mp3"
"bukaga","","misc/momuri/comma_02/bukaga.mp3"
"dokode","","misc/momuri/comma_02/dokode.mp3"
"dounaru","","misc/momuri/comma_02/dounaru.mp3"
"dousite","","misc/momuri/comma_02/dousite.mp3"
"dousite2","","misc/momuri/comma_02/dousite2.mp3"
"enryo","","misc/momuri/comma_02/enryo.mp3"
"fbi","","misc/momuri/comma_02/fbi.mp3"
"fukushu","","misc/momuri/comma_02/fukushu.mp3"
"furui","","misc/momuri/comma_02/furui.mp3"
"futate","","misc/momuri/comma_02/futate.mp3"
"fuzake","","misc/momuri/comma_02/fuzake.mp3"
"gesu","","misc/momuri/comma_02/gesu.mp3"
"gua","","misc/momuri/comma_02/gua.mp3"
"hajiki","","misc/momuri/comma_02/hajiki.mp3"
"happa","","misc/momuri/comma_02/happa.mp3"
"hineri","","misc/momuri/comma_02/hineri.mp3"
"honmono","","misc/momuri/comma_02/honmono.mp3"
"issho","","misc/momuri/comma_02/issho.mp3"
"itta","","misc/momuri/comma_02/itta.mp3"
"jijitu","","misc/momuri/comma_02/jijitu.mp3"
"kaiteki2","","misc/momuri/comma_02/kaiteki2.mp3"
"kekka","","misc/momuri/comma_02/kekka.mp3"
"kieta","","misc/momuri/comma_02/kieta.mp3"
"kirifuda","","misc/momuri/comma_02/kirifuda.mp3"
"korede","","misc/momuri/comma_02/korede.mp3"
"korosare","","misc/momuri/comma_02/korosare.mp3"
"korosita","","misc/momuri/comma_02/korosita.mp3"
"koukai","","misc/momuri/comma_02/koukai.mp3"
"kowaga","","misc/momuri/comma_02/kowaga.mp3"
"kuruma2","","misc/momuri/comma_02/kuruma2.mp3"
"kyad3","","misc/momuri/comma_02/kyad3.mp3"
"mamoru","","misc/momuri/comma_02/mamoru.mp3"
"masui","","misc/momuri/comma_02/masui.mp3"
"migite","","misc/momuri/comma_02/migite.mp3"
"minago","","misc/momuri/comma_02/minago.mp3"
"mituke","","misc/momuri/comma_02/mituke.mp3"
"mituke2","","misc/momuri/comma_02/mituke2.mp3"
"moto2","","misc/momuri/comma_02/moto2.mp3"
"mukoni","","misc/momuri/comma_02/mukoni.mp3"
"nande2","","misc/momuri/comma_02/nande2.mp3"
"nedan","","misc/momuri/comma_02/nedan.mp3"
"nodo","","misc/momuri/comma_02/nodo.mp3"
"nuiawa","","misc/momuri/comma_02/nuiawa.mp3"
"odosite","","misc/momuri/comma_02/odosite.mp3"
"oikake","","misc/momuri/comma_02/oikake.mp3"
"pro","","misc/momuri/comma_02/pro.mp3"
"rakuni","","misc/momuri/comma_02/rakuni.mp3"
"rifle","","misc/momuri/comma_02/rifle.mp3"
"saigo","","misc/momuri/comma_02/saigo.mp3"
"saigo2","","misc/momuri/comma_02/saigo2.mp3"
"saigo3","","misc/momuri/comma_02/saigo3.mp3"
"sand3","","misc/momuri/comma_02/sand3.mp3"
"sasotte","","misc/momuri/comma_02/sasotte.mp3"
"sasuga","","misc/momuri/comma_02/sasuga.mp3"
"setumei","","misc/momuri/comma_02/setumei.mp3"
"sigoto2","","misc/momuri/comma_02/sigoto2.mp3"
"siranee","","misc/momuri/comma_02/siranee.mp3"
"sitai2","","misc/momuri/comma_02/sitai2.mp3"
"sitai3","","misc/momuri/comma_02/sitai3.mp3"
"souda2","","misc/momuri/comma_02/souda2.mp3"
"tadade","","misc/momuri/comma_02/tadade.mp3"
"tasukete3","","misc/momuri/comma_02/tasukete3.mp3"
"tetudai2","","misc/momuri/comma_02/tetudai2.mp3"
"tosiro","","misc/momuri/comma_02/tosiro.mp3"
"tugiha","","misc/momuri/comma_02/tugiha.mp3"
"uragi2","","misc/momuri/comma_02/uragi2.mp3"
"uwaa","","misc/momuri/comma_02/uwaa.mp3"
"warau","","misc/momuri/comma_02/warau.mp3"
"yappari","","misc/momuri/comma_02/yappari.mp3"
"yotei","","misc/momuri/comma_02/yotei.mp3"
"100oku","chargeman ken thx mumalice!","misc/momuri/crgman/100oku.mp3"
"18","","misc/momuri/crgman/18.mp3"
"30m","","misc/momuri/crgman/30m.mp3"
"3m","","misc/momuri/crgman/3m.mp3"
"aiteha","","misc/momuri/crgman/aiteha.mp3"
"akirame","","misc/momuri/crgman/akirame.mp3"
"atama2","","misc/momuri/crgman/atama2.mp3"
"bakani","","misc/momuri/crgman/bakani.mp3"
"bakudan","","misc/momuri/crgman/bakudan.mp3"
"bba","","misc/momuri/crgman/bba.mp3"
"boruga","","misc/momuri/crgman/boruga.mp3"
"bougyaku","","misc/momuri/crgman/bougyaku.mp3"
"byaa","","misc/momuri/crgman/byaa.mp3"
"daisuki","","misc/momuri/crgman/daisuki.mp3"
"do-n","","misc/momuri/crgman/do-n.mp3"
"dondon","","misc/momuri/crgman/dondon.mp3"
"dougu","","misc/momuri/crgman/dougu.mp3"
"ee-","","misc/momuri/crgman/ee-.mp3"
"eei","","misc/momuri/crgman/eei.mp3"
"fai","","misc/momuri/crgman/fai.mp3"
"fujisan","","misc/momuri/crgman/fujisan.mp3"
"hadeni","","misc/momuri/crgman/hadeni.mp3"
"hassha","","misc/momuri/crgman/hassha.mp3"
"hatarake","","misc/momuri/crgman/hatarake.mp3"
"hayaku2","","misc/momuri/crgman/hayaku2.mp3"
"itte","","misc/momuri/crgman/itte.mp3"
"ittemi","","misc/momuri/crgman/ittemi.mp3"
"ka-n","","misc/momuri/crgman/ka-n.mp3"
"kaeru","","misc/momuri/crgman/kaeru.mp3"
"kakari","","misc/momuri/crgman/kakari.mp3"
"kakari2","","misc/momuri/crgman/kakari2.mp3"
"kateru","","misc/momuri/crgman/kateru.mp3"
"kawaiso","","misc/momuri/crgman/kawaiso.mp3"
"keisatu","","misc/momuri/crgman/keisatu.mp3"
"ki-n","","misc/momuri/crgman/ki-n.mp3"
"kidemo","","misc/momuri/crgman/kidemo.wav"
"kiero","","misc/momuri/crgman/kiero.mp3"
"kiitana","","misc/momuri/crgman/kiitana.mp3"
"kikai","","misc/momuri/crgman/kikai.mp3"
"kitazo","","misc/momuri/crgman/kitazo.mp3"
"kitigai","","misc/momuri/crgman/kitigai.mp3"
"kmiy","","misc/momuri/crgman/kmiy.mp3"
"konna","","misc/momuri/crgman/konna.mp3"
"koreha","","misc/momuri/crgman/koreha.mp3"
"kotowaru","","misc/momuri/crgman/kotowaru.mp3"
"kuruma3","","misc/momuri/crgman/kuruma3.mp3"
"kuyasii","","misc/momuri/crgman/kuyasii.mp3"
"kyoryoku","","misc/momuri/crgman/kyoryoku.mp3"
"lion","","misc/momuri/crgman/lion.mp3"
"maou","","misc/momuri/crgman/maou.mp3"
"mikomi","","misc/momuri/crgman/mikomi.mp3"
"minago2","","misc/momuri/crgman/minago2.mp3"
"minago3","","misc/momuri/crgman/minago3.mp3"
"minago4","","misc/momuri/crgman/minago4.mp3"
"miren","","misc/momuri/crgman/miren.mp3"
"missile","","misc/momuri/crgman/missile.mp3"
"missile2","","misc/momuri/crgman/missile2.mp3"
"mottomo","","misc/momuri/crgman/mottomo.mp3"
"mueki","","misc/momuri/crgman/mueki.mp3"
"namako","","misc/momuri/crgman/namako.mp3"
"naniwo","","misc/momuri/crgman/naniwo.mp3"
"nisino","","misc/momuri/crgman/nisino.mp3"
"no12","","misc/momuri/crgman/no12.mp3"
"o-en","","misc/momuri/crgman/o-en.mp3"
"okasi","","misc/momuri/crgman/okasi.mp3"
"okbokujo","","misc/momuri/crgman/okbokujo.mp3"
"okorase","","misc/momuri/crgman/okorase.mp3"
"onegai","","misc/momuri/crgman/onegai.mp3"
"oyurusi","","misc/momuri/crgman/oyurusi.mp3"
"papa","","misc/momuri/crgman/papa.mp3"
"robot","","misc/momuri/crgman/robot.mp3"
"robot2","","misc/momuri/crgman/robot2.mp3"
"robot3","","misc/momuri/crgman/robot3.mp3"
"seidai","","misc/momuri/crgman/seidai.mp3"
"sinan","","misc/momuri/crgman/sinan.mp3"
"sinasete","","misc/momuri/crgman/sinasete.mp3"
"sinde","","misc/momuri/crgman/sinde.mp3"
"sison","","misc/momuri/crgman/sison.mp3"
"siwaza","","misc/momuri/crgman/siwaza.mp3"
"sonnahazu","","misc/momuri/crgman/sonnahazu.mp3"
"sorano","","misc/momuri/crgman/sorano.mp3"
"sorosoro","","misc/momuri/crgman/sorosoro.mp3"
"sry5","","misc/momuri/crgman/sry5.mp3"
"sry6","","misc/momuri/crgman/sry6.mp3"
"sugoi","","misc/momuri/crgman/sugoi.mp3"
"teikoku","","misc/momuri/crgman/teikoku.mp3"
"teikou2","","misc/momuri/crgman/teikou2.mp3"
"tewokumu","","misc/momuri/crgman/tewokumu.mp3"
"tiger","","misc/momuri/crgman/tiger.mp3"
"tinton","","misc/momuri/crgman/tinton.mp3"
"tinton2","","misc/momuri/crgman/tinton2.mp3"
"udemae","","misc/momuri/crgman/udemae.mp3"
"umai","","misc/momuri/crgman/umai.mp3"
"uragi","","misc/momuri/crgman/uragi.mp3"
"utanaide","","misc/momuri/crgman/utanaide.mp3"
"utopia","","misc/momuri/crgman/utopia.mp3"
"vei","","misc/momuri/crgman/vei.mp3"
"wakataka","","misc/momuri/crgman/wakataka.mp3"
"warui","","misc/momuri/crgman/warui.mp3"
"who","","misc/momuri/crgman/who.mp3"
"who2","","misc/momuri/crgman/who2.mp3"
"yabai","","misc/momuri/crgman/yabai.mp3"
"yada","","misc/momuri/crgman/yada.mp3"
"yaruka","","misc/momuri/crgman/yaruka.mp3"
"yatura","","misc/momuri/crgman/yatura.mp3"
"yokumo","","misc/momuri/crgman/yokumo.mp3"
"yurusana","","misc/momuri/crgman/yurusana.mp3"
"yurusare","","misc/momuri/crgman/yurusare.mp3"
"yushoku","","misc/momuri/crgman/yushoku.mp3"
"zenmetu","","misc/momuri/crgman/zenmetu.mp3"
"zenpo","","misc/momuri/crgman/zenpo.mp3"
"a-!2","gachimuchi_03.5","misc/momuri/gachimuchi_03/a-!2.mp3"
"a-!3","","misc/momuri/gachimuchi_03/a-!3.mp3"
"akan","","misc/momuri/gachimuchi_03/akan.mp3"
"careful","","misc/momuri/gachimuchi_03/careful.mp3"
"enryo2","","misc/momuri/gachimuchi_03/enryo2.mp3"
"hidoi2","","misc/momuri/gachimuchi_03/hidoi2.mp3"
"ikemen2","","misc/momuri/gachimuchi_03/ikemen2.mp3"
"itakuna","","misc/momuri/gachimuchi_03/itakuna.mp3"
"nyu","","misc/momuri/gachimuchi_03/nyu.mp3"
"okki","","misc/momuri/gachimuchi_03/okki.mp3"
"omutu","","misc/momuri/gachimuchi_03/omutu.mp3"
"osorosi","","misc/momuri/gachimuchi_03/osorosi.mp3"
"sudou","","misc/momuri/gachimuchi_03/sudou.mp3"
"sukui2","","misc/momuri/gachimuchi_03/sukui2.mp3"
"taosite","","misc/momuri/gachimuchi_03/taosite.mp3"
"tnk","","misc/momuri/gachimuchi_03/tnk.mp3"
"ueru","","misc/momuri/gachimuchi_03/ueru.mp3"
"uso","","misc/momuri/gachimuchi_03/uso.mp3"
"bd","tf2","misc/momuri/bd.mp3"
"bd2","","misc/momuri/bd2.mp3"
"cup","","misc/momuri/cup.mp3"
"cup2","","misc/momuri/cup2.mp3"
"med6","","misc/momuri/med6.mp3"
"mentle","","misc/momuri/mentle.mp3"
"spy2","","misc/momuri/spy2.mp3"
"beam","internet popular thing","misc/momuri/ipt/beam.mp3"
"bhs","","misc/momuri/ipt/bhs.mp3"
"btful","","misc/momuri/ipt/btful.wav"
"gappoi","","misc/momuri/ipt/gappoi.wav"
"gn","","misc/momuri/ipt/gn.wav"
"lose","","misc/momuri/ipt/lose.mp3"
"nooo3","","misc/momuri/ipt/nooo3.mp3"
"ping","","misc/momuri/ipt/ping.mp3"
"troll","","misc/momuri/ipt/troll.mp3"
"troll2","","misc/momuri/ipt/troll2.mp3"
"are","imas kotori","misc/momuri/imas/kotori/are.mp3"
"atama3","","misc/momuri/imas/kotori/atama3.mp3"
"ayasi","","misc/momuri/imas/kotori/ayasi.mp3"
"barasi","","misc/momuri/imas/kotori/barasi.mp3"
"error","","misc/momuri/imas/kotori/error.mp3"
"giku","","misc/momuri/imas/kotori/giku.mp3"
"giku2","","misc/momuri/imas/kotori/giku2.mp3"
"gogo","","misc/momuri/imas/kotori/gogo.mp3"
"gohan","","misc/momuri/imas/kotori/gohan.mp3"
"hakujo","","misc/momuri/imas/kotori/hakujo.mp3"
"hayai","","misc/momuri/imas/kotori/hayai.mp3"
"hirusaga","","misc/momuri/imas/kotori/hirusaga.mp3"
"hontou","","misc/momuri/imas/kotori/hontou.mp3"
"idol","","misc/momuri/imas/kotori/idol.mp3"
"iku2","","misc/momuri/imas/kotori/iku2.mp3"
"isogasi","","misc/momuri/imas/kotori/isogasi.mp3"
"iya","","misc/momuri/imas/kotori/iya.mp3"
"jibun","","misc/momuri/imas/kotori/jibun.mp3"
"kondo","","misc/momuri/imas/kotori/kondo.mp3"
"koreha2","","misc/momuri/imas/kotori/koreha2.mp3"
"lock","","misc/momuri/imas/kotori/lock.mp3"
"nani4","","misc/momuri/imas/kotori/nani4.mp3"
"oyome","","misc/momuri/imas/kotori/oyome.mp3"
"poji","","misc/momuri/imas/kotori/poji.mp3"
"sore","","misc/momuri/imas/kotori/sore.mp3"
"tere","","misc/momuri/imas/kotori/tere.mp3"
"tobi","","misc/momuri/imas/kotori/tobi.mp3"
"tuduki","","misc/momuri/imas/kotori/tuduki.mp3"
"why","","misc/momuri/imas/kotori/why.mp3"
"zan2","","misc/momuri/imas/kotori/zan2.mp3"
"ball","commando","misc/momuri/comma_02/ball.mp3"
"kibun","","misc/momuri/comma_02/kibun.mp3"
"korosi","","misc/momuri/comma_02/korosi.mp3"
"kutabare3","","misc/momuri/comma_02/kutabare3.mp3"
"kuti","","misc/momuri/comma_02/kuti.mp3"
"mattak","","misc/momuri/comma_02/mattak.mp3"
"matte4","","misc/momuri/comma_02/matte4.mp3"
"moai","","misc/momuri/comma_02/moai.mp3"
"nani3","","misc/momuri/comma_02/nani3.mp3"
"oha","","misc/momuri/comma_02/oha.mp3"
"onna","","misc/momuri/comma_02/onna.mp3"
"oogesa","","misc/momuri/comma_02/oogesa.mp3"
"sizuka","","misc/momuri/comma_02/sizuka.mp3"
"som","","misc/momuri/comma_02/som.mp3"
"som2","","misc/momuri/comma_02/som2.mp3"
"som3","","misc/momuri/comma_02/som3.mp3"
"temee4","","misc/momuri/comma_02/temee4.mp3"
"gan","furi joiner voicechat","misc/momuri/vc/gan.mp3"
"kon","","misc/momuri/vc/kon.mp3"
"kon2","","misc/momuri/vc/kon2.mp3"
"stu3","","misc/momuri/vc/stu3.mp3"
"stu4","","misc/momuri/vc/stu4.mp3"
"bakamita","imas cinderella","misc/momuri/imas/dere/bakamita.mp3"
"maeno","","misc/momuri/imas/dere/maeno.mp3"
"make","","misc/momuri/imas/dere/make.mp3"
"mate","","misc/momuri/imas/dere/mate.mp3"
"nande3","","misc/momuri/imas/dere/nande3.mp3"
"shoubu2","","misc/momuri/imas/dere/shoubu2.mp3"
"sukuna","","misc/momuri/imas/dere/sukuna.mp3"
"touzen","","misc/momuri/imas/dere/touzen.mp3"
"touzen2","","misc/momuri/imas/dere/touzen2.mp3"
"yameru","","misc/momuri/imas/dere/yameru.mp3"
"aim","halflife","misc/momuri/hl/aim.mp3"
"almost","","misc/momuri/hl/almost.mp3"
"cat","","misc/momuri/hl/cat.mp3"
"civil","","misc/momuri/hl/civil.mp3"
"gunship","","misc/momuri/hl/gunship.mp3"
"gunship2","","misc/momuri/hl/gunship2.mp3"
"help4","","misc/momuri/hl/help4.mp3"
"kanpai","","misc/momuri/hl/kanpai.mp3"
"made","","misc/momuri/hl/made.mp3"
"no4","","misc/momuri/hl/no4.mp3"
"ok6","","misc/momuri/hl/ok6.mp3"
"rise","","misc/momuri/hl/rise.mp3"
"stop","","misc/momuri/hl/stop.mp3"
"woho","","misc/momuri/hl/woho.mp3"
"yay","","misc/momuri/hl/yay.mp3"
"are2","steinsgate","misc/momuri/stg/are2.mp3"
"epk","","misc/momuri/stg/epk.mp3"
"epk2","","misc/momuri/stg/epk2.mp3"
"oha2","","misc/momuri/stg/oha2.mp3"
"tt","","misc/momuri/stg/tt.mp3"
"tt2","","misc/momuri/stg/tt2.mp3"
"tt3","","misc/momuri/stg/tt3.mp3"
"jijou","deremasu","misc/momuri/imas/dere/jijou.mp3"
"kakuho","","misc/momuri/imas/dere/kakuho.mp3"
"lol4","","misc/momuri/imas/dere/lol4.mp3"
"mokuhi","","misc/momuri/imas/dere/mokuhi.mp3"
"nakai","","misc/momuri/imas/dere/nakai.mp3"
"souzetu","","misc/momuri/imas/dere/souzetu.mp3"
"stop3","","misc/momuri/imas/dere/stop3.mp3"
"thx6","","misc/momuri/imas/dere/thx6.mp3"
"yasume2","","misc/momuri/imas/dere/yasume2.mp3"
"akero","chaoshead","misc/momuri/ch/akero.mp3"
"akero2","","misc/momuri/ch/akero2.mp3"
"baka","","misc/momuri/ch/baka.mp3"
"baka3","","misc/momuri/ch/baka3.mp3"
"baka2","","misc/momuri/ch/baka2.mp3"
"bisi","","misc/momuri/ch/bisi.mp3"
"fuhihi","","misc/momuri/ch/fuhihi.mp3"
"gkbr2","","misc/momuri/ch/gkbr2.mp3"
"gkbr3","","misc/momuri/ch/gkbr3.mp3"
"kanojo","","misc/momuri/ch/kanojo.mp3"
"kikitai","","misc/momuri/ch/kikitai.mp3"
"korosita2","","misc/momuri/ch/korosita2.mp3"
"seizon","","misc/momuri/ch/seizon.mp3"
"shaberi","","misc/momuri/ch/shaberi.mp3"
"supris2","","misc/momuri/ch/supris2.mp3"
"touzen3","","misc/momuri/ch/touzen3.mp3"
"upi","","misc/momuri/ch/upi.mp3"
"upi2","","misc/momuri/ch/upi2.mp3"
"upi3","","misc/momuri/ch/upi3.mp3"
"warui2","","misc/momuri/ch/warui2.mp3"
"cyka","ipt","misc/momuri/ipt/cyka.mp3"
"cyka2","","misc/momuri/ipt/cyka2.mp3"
"gtfd","","misc/momuri/ipt/gtfd.mp3"
"hax2","","misc/momuri/ipt/hax2.mp3"
"rape","","misc/momuri/ipt/rape.mp3"
"soab","","misc/momuri/ipt/soab.mp3"
"stop2","","misc/momuri/ipt/stop2.mp3"
"stu5","","misc/momuri/ipt/stu5.mp3"
"where","","misc/momuri/ipt/where.mp3"
"yuwaku2","","misc/momuri/ipt/yuwaku2.mp3"
"dsm","joinervoicechat","misc/momuri/vc/dsm.mp3"
"gan2","","misc/momuri/vc/gan2.mp3"
"happen2","","misc/momuri/vc/happen2.mp3"
"ikou","","misc/momuri/vc/ikou.mp3"
"robo","","misc/momuri/vc/robo.mp3"
"spy3","","misc/momuri/vc/spy3.mp3"
"thx5","","misc/momuri/vc/thx5.mp3"
"thxb","","misc/momuri/vc/thxb.mp3"
"15","steinsgate","misc/momuri/stg/15.mp3"
"aha2","","misc/momuri/stg/aha2.mp3"
"arua","","misc/momuri/stg/arua.mp3"
"baito","","misc/momuri/stg/baito.mp3"
"chu2","","misc/momuri/stg/chu2.mp3"
"gaia","","misc/momuri/stg/gaia.mp3"
"keikaku","","misc/momuri/stg/keikaku.mp3"
"kikan","","misc/momuri/stg/kikan.mp3"
"kikan2","","misc/momuri/stg/kikan2.mp3"
"kotoba","","misc/momuri/stg/kotoba.mp3"
"mazete","","misc/momuri/stg/mazete.mp3"
"muri","","misc/momuri/stg/muri.mp3"
"nai","","misc/momuri/stg/nai.mp3"
"oka","","misc/momuri/stg/oka.mp3"
"ougi","","misc/momuri/stg/ougi.mp3"
"seijo","","misc/momuri/stg/seijo.mp3"
"sgs","","misc/momuri/stg/sgs.mp3"
"stu6","","misc/momuri/stg/stu6.mp3"
"wagana","","misc/momuri/stg/wagana.mp3"
"yaku","","misc/momuri/stg/yaku.mp3"
"yarune","","misc/momuri/stg/yarune.mp3"
"yoka","","misc/momuri/stg/yoka.mp3"
"bibitte3","okada v3","misc/momuri/okada/bibitte3.mp3"
"dai2","","misc/momuri/okada/dai2.mp3"
"fuzake2","","misc/momuri/okada/fuzake2.mp3"
"go6","","misc/momuri/okada/go6.mp3"
"iizo","","misc/momuri/okada/iizo.mp3"
"iizo2","","misc/momuri/okada/iizo2.mp3"
"ike3","","misc/momuri/okada/ike3.mp3"
"ike4","","misc/momuri/okada/ike4.mp3"
"ike5","","misc/momuri/okada/ike5.mp3"
"ikuze","","misc/momuri/okada/ikuze.mp3"
"kakatte","","misc/momuri/okada/kakatte.mp3"
"kikanu","","misc/momuri/okada/kikanu.mp3"
"letsgo5","","misc/momuri/okada/letsgo5.mp3"
"matte5","","misc/momuri/okada/matte5.mp3"
"med7","","misc/momuri/okada/med7.mp3"
"mvp3","","misc/momuri/okada/mvp3.mp3"
"mvp4","","misc/momuri/okada/mvp4.mp3"
"nusunde","","misc/momuri/okada/nusunde.mp3"
"ossha","","misc/momuri/okada/ossha.mp3"
"suteki","","misc/momuri/okada/suteki.mp3"
"oreto","","misc/momuri/okada/oreto.mp3"
"yamete","","misc/momuri/okada/yamete.mp3"
"yoro4","","misc/momuri/okada/yoro4.mp3"
"zako","","misc/momuri/okada/zako.mp3"
"pinf","extra","misc/momuri/crgman/atama2.mp3"
"happen","","vo/heavy_jeers09.mp3"
"asita","chaoshead","misc/momuri/ch/asita.mp3"
"ban","","misc/momuri/ch/ban.mp3"
"hajimete2","","misc/momuri/ch/hajimete2.mp3"
"hentai2","","misc/momuri/ch/hentai2.mp3"
"jicho","","misc/momuri/ch/jicho.mp3"
"joken","","misc/momuri/ch/joken.mp3"
"joken2","","misc/momuri/ch/joken2.mp3"
"kawaii","","misc/momuri/ch/kawaii.mp3"
"kinen","","misc/momuri/ch/kinen.mp3"
"pres","","misc/momuri/ch/pres.mp3"
"robot4","","misc/momuri/ch/robot4.mp3"
"saikai","","misc/momuri/ch/saikai.mp3"
"tanosi","","misc/momuri/ch/tanosi.mp3"
"ukeru","","misc/momuri/ch/ukeru.mp3"
"atari","commando","misc/momuri/comma_02/atari.mp3"
"darega","","misc/momuri/comma_02/darega.mp3"
"fight","","misc/momuri/comma_02/fight.mp3"
"gaki","","misc/momuri/comma_02/gaki.mp3"
"iie","","misc/momuri/comma_02/iie.mp3"
"iie2","","misc/momuri/comma_02/iie2.mp3"
"iyayo","","misc/momuri/comma_02/iyayo.mp3"
"joke","","misc/momuri/comma_02/joke.mp3"
"kuru","","misc/momuri/comma_02/kuru.mp3"
"sinyo","","misc/momuri/comma_02/sinyo.mp3"
"sonoto","","misc/momuri/comma_02/sonoto.mp3"
"1more","imas","misc/momuri/imas/1more.mp3"
"1set","","misc/momuri/imas/1set.mp3"
"ariga2","","misc/momuri/imas/ariga2.mp3"
"atto","","misc/momuri/imas/atto.mp3"
"baku","","misc/momuri/imas/baku.mp3"
"damage","","misc/momuri/imas/damage.mp3"
"douiu2","","misc/momuri/imas/douiu2.mp3"
"fuhihi2","","misc/momuri/imas/fuhihi2.mp3"
"guu","","misc/momuri/imas/guu.mp3"
"hako","","misc/momuri/imas/hako.mp3"
"hanron","","misc/momuri/imas/hanron.mp3"
"iiase","","misc/momuri/imas/iiase.mp3"
"itakatta","","misc/momuri/imas/itakatta.mp3"
"kataga","","misc/momuri/imas/kataga.mp3"
"muri2","","misc/momuri/imas/muri2.mp3"
"nande4","","misc/momuri/imas/nande4.mp3"
"oha3","","misc/momuri/imas/oha3.mp3"
"taikutu","","misc/momuri/imas/taikutu.mp3"
"utinu","","misc/momuri/imas/utinu.mp3"
"yakusoku","","misc/momuri/imas/yakusoku.mp3"
"yarima","","misc/momuri/imas/yarima.mp3"
"1v5","kym","misc/momuri/kym/1v5.mp3"
"baka4","","misc/momuri/kym/baka4.mp3"
"hesou","","misc/momuri/kym/hesou.mp3"
"honki3","","misc/momuri/kym/honki3.mp3"
"houkei","","misc/momuri/kym/houkei.mp3"
"jama2","","misc/momuri/kym/jama2.mp3"
"kati","","misc/momuri/kym/kati.mp3"
"makeinu","","misc/momuri/kym/makeinu.mp3"
"makete","","misc/momuri/kym/makete.mp3"
"mukae","","misc/momuri/kym/mukae.mp3"
"nanka","","misc/momuri/kym/nanka.mp3"
"omee","","misc/momuri/kym/omee.mp3"
"tadano","","misc/momuri/kym/tadano.mp3"
"ak","tanosiiCSGO","misc/momuri/vc/ak.mp3"
"ak2","","misc/momuri/vc/ak2.mp3"
"akthx","","misc/momuri/vc/akthx.mp3"
"akyokose","","misc/momuri/vc/akyokose.mp3"
"ganbatte","","misc/momuri/vc/ganbatte.mp3"
"mac10","","misc/momuri/vc/mac10.mp3"
"namaiki","","misc/momuri/vc/namaiki.mp3"
"narasika","","misc/momuri/vc/narasika.mp3"
"narasika2","","misc/momuri/vc/narasika2.mp3"
"omaemo","","misc/momuri/vc/omaemo.mp3"
"thx7","","misc/momuri/vc/thx7.mp3"
"wakatte2","","misc/momuri/vc/wakatte2.mp3"
"hayaku3","shuzo","misc/momuri/shuzo/hayaku3.mp3"
"manaa","","misc/momuri/shuzo/manaa.mp3"
"nani5","","misc/momuri/shuzo/nani5.mp3"
"sizukada","","misc/momuri/shuzo/sizukada.mp3"
"tumega","","misc/momuri/shuzo/tumega.mp3"
"bisi2","chaoshead","misc/momuri/ch/bisi2.mp3"
"korosikata","","misc/momuri/ch/korosikata.mp3"
"korosite","","misc/momuri/ch/korosite.mp3"
"korosite2","","misc/momuri/ch/korosite2.mp3"
"korosite3","","misc/momuri/ch/korosite3.mp3"
"list","","misc/momuri/ch/list.mp3"
"list2","","misc/momuri/ch/list2.mp3"
"list3","","misc/momuri/ch/list3.mp3"
"osikko","","misc/momuri/ch/osikko.mp3"
"tomodati","","misc/momuri/ch/tomodati.mp3"
"tomodati2","","misc/momuri/ch/tomodati2.mp3"
"tt4","","misc/momuri/ch/tt4.mp3"
"wakaran","","misc/momuri/ch/wakaran.mp3"
"1med","chozo","misc/momuri/chozo/1med.mp3"
"cart","","misc/momuri/chozo/cart.mp3"
"cart2","","misc/momuri/chozo/cart2.mp3"
"cart3","","misc/momuri/chozo/cart3.mp3"
"chozo","","misc/momuri/chozo/chozo.mp3"
"damn2","","misc/momuri/chozo/damn2.mp3"
"die","","misc/momuri/chozo/die.mp3"
"doin","","misc/momuri/chozo/doin.mp3"
"domi","","misc/momuri/chozo/domi.mp3"
"domi2","","misc/momuri/chozo/domi2.mp3"
"domi3","","misc/momuri/chozo/domi3.mp3"
"fked","","misc/momuri/chozo/fked.mp3"
"fked2","","misc/momuri/chozo/fked2.mp3"
"fuck3","","misc/momuri/chozo/fuck3.mp3"
"heal","","misc/momuri/chozo/heal.mp3"
"junior","","misc/momuri/chozo/junior.mp3"
"keanu","","misc/momuri/chozo/keanu.mp3"
"kritz","","misc/momuri/chozo/kritz.mp3"
"letsgo6","","misc/momuri/chozo/letsgo6.mp3"
"letsgo7","","misc/momuri/chozo/letsgo7.mp3"
"nataska","","misc/momuri/chozo/nataska.mp3"
"npp","","misc/momuri/chozo/npp.mp3"
"rage","","misc/momuri/chozo/rage.mp3"
"rape2","","misc/momuri/chozo/rape2.mp3"
"stfu","","misc/momuri/chozo/stfu.mp3"
"suck","","misc/momuri/chozo/suck.mp3"
"tele","","misc/momuri/chozo/tele.mp3"
"where2","","misc/momuri/chozo/where2.mp3"
"wtf","","misc/momuri/chozo/wtf.mp3"
"wtf2","","misc/momuri/chozo/wtf2.mp3"
"disp2","voicechat","misc/momuri/vc/disp2.mp3"
"dsm2","","misc/momuri/vc/dsm2.mp3"
"evr","","misc/momuri/vc/evr.mp3"
"gjm2","","misc/momuri/vc/gjm2.mp3"
"hi6","","misc/momuri/vc/hi6.mp3"
"ihb","","misc/momuri/vc/ihb.mp3"
"ihb2","","misc/momuri/vc/ihb2.mp3"
"nani6","","misc/momuri/vc/nani6.mp3"
"oi","","misc/momuri/vc/oi.mp3"
"ok7","","misc/momuri/vc/ok7.mp3"
"yeey2","","misc/momuri/vc/yeey2.mp3"
"glock","narasika","misc/momuri/vc/glock.mp3"
"mac102","","misc/momuri/vc/mac102.mp3"
"sunden","","misc/momuri/vc/sunden.mp3"
"wakatte3","","misc/momuri/vc/wakatte3.mp3"
"daredato","postal2","misc/momuri/postal/daredato.mp3"
"hallowen","","misc/momuri/postal/hallowen.mp3"
"jodan","","misc/momuri/postal/jodan.mp3"
"juu","","misc/momuri/postal/juu.mp3"
"kaoha","","misc/momuri/postal/kaoha.mp3"
"kiga","","misc/momuri/postal/kiga.mp3"
"kiga2","","misc/momuri/postal/kiga2.mp3"
"masaka","","misc/momuri/postal/masaka.mp3"
"milk","","misc/momuri/postal/milk.mp3"
"nanda3","","misc/momuri/postal/nanda3.mp3"
"np2","","misc/momuri/postal/np2.mp3"
"orega","","misc/momuri/postal/orega.mp3"
"ottama","","misc/momuri/postal/ottama.mp3"
"tatishon","","misc/momuri/postal/tatishon.mp3"
"thx8","","misc/momuri/postal/thx8.mp3"
"doko2","zERO","misc/momuri/zERO/doko2.mp3"
"gisei","","misc/momuri/zERO/gisei.mp3"
"gokurou","","misc/momuri/zERO/gokurou.mp3"
"taicho","","misc/momuri/zERO/taicho.mp3"
"tobira","","misc/momuri/zERO/tobira.mp3"
"watasiga","","misc/momuri/zERO/watasiga.mp3"
"cheat","ipt","misc/momuri/ipt/cheat.mp3"
"siranai","commando","misc/momuri/comma_02/siranai.mp3"
"boost","csgo","misc/momuri/csgo/boost.mp3"
"boost2","","misc/momuri/csgo/boost2.mp3"
"gaijin","","misc/momuri/csgo/gaijin.mp3"
"jusho","","misc/momuri/csgo/jusho.mp3"
"kiitene","","misc/momuri/csgo/kiitene.mp3"
"kiitero","","misc/momuri/csgo/kiitero.mp3"
"kowaija","","misc/momuri/csgo/kowaija.mp3"
"nihon","","misc/momuri/csgo/nihon.mp3"
"nihon2","","misc/momuri/csgo/nihon2.mp3"
"shousi","","misc/momuri/csgo/shousi.mp3"
"siranee2","","misc/momuri/csgo/siranee2.mp3"
"stu7","","misc/momuri/csgo/stu7.mp3"
"yamete2","","misc/momuri/csgo/yamete2.mp3"
"dokyo","kusomiso","misc/momuri/kusomiso/dokyo.mp3"
"enryo3","","misc/momuri/kusomiso/enryo3.mp3"
"gaman","","misc/momuri/kusomiso/gaman.mp3"
"hajimete3","","misc/momuri/kusomiso/hajimete3.mp3"
"hajimete4","","misc/momuri/kusomiso/hajimete4.mp3"
"hatten","","misc/momuri/kusomiso/hatten.mp3"
"hayai2","","misc/momuri/kusomiso/hayai2.mp3"
"kamawa","","misc/momuri/kusomiso/kamawa.mp3"
"ketu","","misc/momuri/kusomiso/ketu.mp3"
"ketu2","","misc/momuri/kusomiso/ketu2.mp3"
"kouen","","misc/momuri/kusomiso/kouen.mp3"
"kuso2","","misc/momuri/kusomiso/kuso2.mp3"
"mite","","misc/momuri/kusomiso/mite.mp3"
"nani7","","misc/momuri/kusomiso/nani7.mp3"
"osamari","","misc/momuri/kusomiso/osamari.mp3"
"osiri","","misc/momuri/kusomiso/osiri.mp3"
"otoko","","misc/momuri/kusomiso/otoko.mp3"
"seiryoku","","misc/momuri/kusomiso/seiryoku.mp3"
"shoben","","misc/momuri/kusomiso/shoben.mp3"
"sugoku","","misc/momuri/kusomiso/sugoku.mp3"
"tech","","misc/momuri/kusomiso/tech.mp3"
"tokoton","","misc/momuri/kusomiso/tokoton.mp3"
"uresii","","misc/momuri/kusomiso/uresii.mp3"
"yara","","misc/momuri/kusomiso/yara.mp3"
"bed","shuwa","misc/momuri/shuwa/6day/bed.mp3"
"die2","","misc/momuri/shuwa/6day/die2.mp3"
"die3","","misc/momuri/shuwa/6day/die3.mp3"
"hentai5","","misc/momuri/shuwa/6day/hentai5.mp3"
"ira2","","misc/momuri/shuwa/6day/ira2.mp3"
"kimimo","","misc/momuri/shuwa/6day/kimimo.mp3"
"kokoro2","","misc/momuri/shuwa/6day/kokoro2.mp3"
"korosite4","","misc/momuri/shuwa/6day/korosite4.mp3"
"korosite5","","misc/momuri/shuwa/6day/korosite5.mp3"
"kyad4","","misc/momuri/shuwa/6day/kyad4.mp3"
"nanda6","","misc/momuri/shuwa/6day/nanda6.mp3"
"oha8","","misc/momuri/shuwa/6day/oha8.mp3"
"sukebe3","","misc/momuri/shuwa/6day/sukebe3.mp3"
"bangumi","","misc/momuri/shuwa/battle/bangumi.mp3"
"bangumi2","","misc/momuri/shuwa/battle/bangumi2.mp3"
"bangumi3","","misc/momuri/shuwa/battle/bangumi3.mp3"
"bangumi4","","misc/momuri/shuwa/battle/bangumi4.mp3"
"batte","","misc/momuri/shuwa/battle/batte.mp3"
"bibou","","misc/momuri/shuwa/battle/bibou.mp3"
"ch","","misc/momuri/shuwa/battle/ch.mp3"
"gn3","","misc/momuri/shuwa/battle/gn3.mp3"
"hen","","misc/momuri/shuwa/battle/hen.mp3"
"horumon","","misc/momuri/shuwa/battle/horumon.mp3"
"horumon2","","misc/momuri/shuwa/battle/horumon2.mp3"
"itibu","","misc/momuri/shuwa/battle/itibu.mp3"
"jigoku2","","misc/momuri/shuwa/battle/jigoku2.mp3"
"kiss","","misc/momuri/shuwa/battle/kiss.mp3"
"knife2","","misc/momuri/shuwa/battle/knife2.mp3"
"korose","","misc/momuri/shuwa/battle/korose.mp3"
"kotowaru2","","misc/momuri/shuwa/battle/kotowaru2.mp3"
"maamaa","","misc/momuri/shuwa/battle/maamaa.mp3"
"mataaou3","","misc/momuri/shuwa/battle/mataaou3.mp3"
"pro2","","misc/momuri/shuwa/battle/pro2.mp3"
"ri-da-","","misc/momuri/shuwa/battle/ri-da-.mp3"
"saikou","","misc/momuri/shuwa/battle/saikou.mp3"
"sainan","","misc/momuri/shuwa/battle/sainan.mp3"
"sigoki","","misc/momuri/shuwa/battle/sigoki.mp3"
"stu8","","misc/momuri/shuwa/battle/stu8.mp3"
"stu9","","misc/momuri/shuwa/battle/stu9.mp3"
"sude","","misc/momuri/shuwa/battle/sude.mp3"
"teokure","","misc/momuri/shuwa/battle/teokure.mp3"
"tv","","misc/momuri/shuwa/battle/tv.mp3"
"udeni","","misc/momuri/shuwa/battle/udeni.mp3"
"watasimo","","misc/momuri/shuwa/battle/watasimo.mp3"
"atamawo","","misc/momuri/shuwa/collate/atamawo.mp3"
"batu","","misc/momuri/shuwa/collate/batu.mp3"
"coca2","","misc/momuri/shuwa/collate/coca2.mp3"
"coca3","","misc/momuri/shuwa/collate/coca3.mp3"
"coca4","","misc/momuri/shuwa/collate/coca4.mp3"
"dekai3","","misc/momuri/shuwa/collate/dekai3.mp3"
"gebara","","misc/momuri/shuwa/collate/gebara.mp3"
"gisei2","","misc/momuri/shuwa/collate/gisei2.mp3"
"hayaku5","","misc/momuri/shuwa/collate/hayaku5.mp3"
"ihan","","misc/momuri/shuwa/collate/ihan.mp3"
"ira","","misc/momuri/shuwa/collate/ira.mp3"
"kitaze","","misc/momuri/shuwa/collate/kitaze.mp3"
"majika","","misc/momuri/shuwa/collate/majika.mp3"
"masu","","misc/momuri/shuwa/collate/masu.mp3"
"mate2","","misc/momuri/shuwa/collate/mate2.mp3"
"naizou2","","misc/momuri/shuwa/collate/naizou2.mp3"
"np4","","misc/momuri/shuwa/collate/np4.mp3"
"rap","","misc/momuri/shuwa/collate/rap.mp3"
"stu10","","misc/momuri/shuwa/collate/stu10.mp3"
"sukebe2","","misc/momuri/shuwa/collate/sukebe2.mp3"
"shuwa2","","misc/momuri/shuwa/collate/syuwa2.mp3"
"tero3","","misc/momuri/shuwa/collate/tero3.mp3"
"tigau","","misc/momuri/shuwa/collate/tigau.mp3"
"usowo","","misc/momuri/shuwa/collate/usowo.mp3"
"ute4","","misc/momuri/shuwa/collate/ute4.mp3"
"uzuuzu","","misc/momuri/shuwa/collate/uzuuzu.mp3"
"yappari2","","misc/momuri/shuwa/collate/yappari2.mp3"
"yari2","","misc/momuri/shuwa/collate/yari2.mp3"
"yatta2","","misc/momuri/shuwa/collate/yatta2.mp3"
"atama7","","misc/momuri/shuwa/endod/atama7.mp3"
"atama8","","misc/momuri/shuwa/endod/atama8.mp3"
"boke2","","misc/momuri/shuwa/endod/boke2.mp3"
"daraku","","misc/momuri/shuwa/endod/daraku.mp3"
"engo","","misc/momuri/shuwa/endod/engo.mp3"
"event","","misc/momuri/shuwa/endod/event.mp3"
"gaki3","","misc/momuri/shuwa/endod/gaki3.mp3"
"hakike","","misc/momuri/shuwa/endod/hakike.mp3"
"hen2","","misc/momuri/shuwa/endod/hen2.mp3"
"itabu","","misc/momuri/shuwa/endod/itabu.mp3"
"keiken","","misc/momuri/shuwa/endod/keiken.mp3"
"kibun2","","misc/momuri/shuwa/endod/kibun2.mp3"
"kimiwaru","","misc/momuri/shuwa/endod/kimiwaru.mp3"
"ko-hi-","","misc/momuri/shuwa/endod/ko-hi-.mp3"
"kuso4","","misc/momuri/shuwa/endod/kuso4.mp3"
"kyaku2","","misc/momuri/shuwa/endod/kyaku2.mp3"
"mamoru2","","misc/momuri/shuwa/endod/mamoru2.mp3"
"saitei","","misc/momuri/shuwa/endod/saitei.mp3"
"sasuga2","","misc/momuri/shuwa/endod/sasuga2.mp3"
"sekai","","misc/momuri/shuwa/endod/sekai.mp3"
"sniper2","","misc/momuri/shuwa/endod/sniper2.mp3"
"stu11","","misc/momuri/shuwa/endod/stu11.mp3"
"shasin","","misc/momuri/shuwa/endod/syasin.mp3"
"shumi","","misc/momuri/shuwa/endod/syumi.mp3"
"zankoku","","misc/momuri/shuwa/endod/zankoku.mp3"
"zotto","","misc/momuri/shuwa/endod/zotto.mp3"
"aho","","misc/momuri/shuwa/ers/aho.mp3"
"asi","","misc/momuri/shuwa/ers/asi.mp3"
"baka5","","misc/momuri/shuwa/ers/baka5.mp3"
"baku2","","misc/momuri/shuwa/ers/baku2.mp3"
"barasu","","misc/momuri/shuwa/ers/barasu.mp3"
"bibitte4","","misc/momuri/shuwa/ers/bibitte4.mp3"
"biri","","misc/momuri/shuwa/ers/biri.mp3"
"dasina2","","misc/momuri/shuwa/ers/dasina2.mp3"
"ded2","","misc/momuri/shuwa/ers/ded2.mp3"
"dounaru2","","misc/momuri/shuwa/ers/dounaru2.mp3"
"iku4","","misc/momuri/shuwa/ers/iku4.mp3"
"itai","","misc/momuri/shuwa/ers/itai.mp3"
"itasou","","misc/momuri/shuwa/ers/itasou.mp3"
"ke-su","","misc/momuri/shuwa/ers/ke-su.mp3"
"knife","","misc/momuri/shuwa/ers/knife.mp3"
"kousi","","misc/momuri/shuwa/ers/kousi.mp3"
"kumi","","misc/momuri/shuwa/ers/kumi.mp3"
"kumi2","","misc/momuri/shuwa/ers/kumi2.mp3"
"manuke","","misc/momuri/shuwa/ers/manuke.mp3"
"marukoge","","misc/momuri/shuwa/ers/marukoge.mp3"
"mituke3","","misc/momuri/shuwa/ers/mituke3.mp3"
"namae","","misc/momuri/shuwa/ers/namae.mp3"
"omigoto2","","misc/momuri/shuwa/ers/omigoto2.mp3"
"osimai","","misc/momuri/shuwa/ers/osimai.mp3"
"piza","","misc/momuri/shuwa/ers/piza.mp3"
"sore2","","misc/momuri/shuwa/ers/sore2.mp3"
"sumanai2","","misc/momuri/shuwa/ers/sumanai2.mp3"
"tero","","misc/momuri/shuwa/ers/tero.mp3"
"umai2","","misc/momuri/shuwa/ers/umai2.mp3"
"ute2","","misc/momuri/shuwa/ers/ute2.mp3"
"yamituki","","misc/momuri/shuwa/ers/yamituki.mp3"
"yes5","","misc/momuri/shuwa/ers/yes5.mp3"
"yurusana2","","misc/momuri/shuwa/ers/yurusana2.mp3"
"300","","misc/momuri/shuwa/jingle/300.mp3"
"abunai4","","misc/momuri/shuwa/jingle/abunai4.mp3"
"ariga3","","misc/momuri/shuwa/jingle/ariga3.mp3"
"atama9","","misc/momuri/shuwa/jingle/atama9.mp3"
"baibai","","misc/momuri/shuwa/jingle/baibai.mp3"
"bakudan2","","misc/momuri/shuwa/jingle/bakudan2.mp3"
"ball2","","misc/momuri/shuwa/jingle/ball2.mp3"
"dousita","","misc/momuri/shuwa/jingle/dousita.mp3"
"gokigen","","misc/momuri/shuwa/jingle/gokigen.mp3"
"hentai3","","misc/momuri/shuwa/jingle/hentai3.mp3"
"hentai4","","misc/momuri/shuwa/jingle/hentai4.mp3"
"hitori2","","misc/momuri/shuwa/jingle/hitori2.mp3"
"hosii","","misc/momuri/shuwa/jingle/hosii.mp3"
"inbou","","misc/momuri/shuwa/jingle/inbou.mp3"
"inc6","","misc/momuri/shuwa/jingle/inc6.mp3"
"ippan","","misc/momuri/shuwa/jingle/ippan.mp3"
"jiko","","misc/momuri/shuwa/jingle/jiko.mp3"
"kane2","","misc/momuri/shuwa/jingle/kane2.mp3"
"kawaiso2","","misc/momuri/shuwa/jingle/kawaiso2.mp3"
"kibun3","","misc/momuri/shuwa/jingle/kibun3.mp3"
"kitai","","misc/momuri/shuwa/jingle/kitai.mp3"
"kitaka","","misc/momuri/shuwa/jingle/kitaka.mp3"
"koiyo3","","misc/momuri/shuwa/jingle/koiyo3.mp3"
"misete","","misc/momuri/shuwa/jingle/misete.mp3"
"musho2","","misc/momuri/shuwa/jingle/musyo2.mp3"
"naru","","misc/momuri/shuwa/jingle/naru.mp3"
"nita","","misc/momuri/shuwa/jingle/nita.mp3"
"oreno","","misc/momuri/shuwa/jingle/oreno.mp3"
"oreno2","","misc/momuri/shuwa/jingle/oreno2.mp3"
"otoko3","","misc/momuri/shuwa/jingle/otoko3.mp3"
"papa2","","misc/momuri/shuwa/jingle/papa2.mp3"
"peten","","misc/momuri/shuwa/jingle/peten.mp3"
"rgr5","","misc/momuri/shuwa/jingle/rgr5.mp3"
"riha","","misc/momuri/shuwa/jingle/riha.mp3"
"sakini","","misc/momuri/shuwa/jingle/sakini.mp3"
"seifuku","","misc/momuri/shuwa/jingle/seifuku.mp3"
"show","","misc/momuri/shuwa/jingle/show.mp3"
"sry8","","misc/momuri/shuwa/jingle/sry8.mp3"
"sry9","","misc/momuri/shuwa/jingle/sry9.mp3"
"stu12","","misc/momuri/shuwa/jingle/stu12.mp3"
"stu13","","misc/momuri/shuwa/jingle/stu13.mp3"
"sugoi2","","misc/momuri/shuwa/jingle/sugoi2.mp3"
"shouki3","","misc/momuri/shuwa/jingle/syouki3.mp3"
"shuwa3","","misc/momuri/shuwa/jingle/syuwa3.mp3"
"tasukete4","","misc/momuri/shuwa/jingle/tasukete4.mp3"
"team3","","misc/momuri/shuwa/jingle/team3.mp3"
"tukama","","misc/momuri/shuwa/jingle/tukama.mp3"
"turbo","","misc/momuri/shuwa/jingle/turbo.mp3"
"turbo2","","misc/momuri/shuwa/jingle/turbo2.mp3"
"turbo3","","misc/momuri/shuwa/jingle/turbo3.mp3"
"turbo4","","misc/momuri/shuwa/jingle/turbo4.mp3"
"warewo","","misc/momuri/shuwa/jingle/warewo.mp3"
"yaruka2","","misc/momuri/shuwa/jingle/yaruka2.mp3"
"yes6","","misc/momuri/shuwa/jingle/yes6.mp3"
"yokose","","misc/momuri/shuwa/jingle/yokose.mp3"
"yukai","","misc/momuri/shuwa/jingle/yukai.mp3"
"atama6","","misc/momuri/shuwa/junior/atama6.mp3"
"bokki","","misc/momuri/shuwa/junior/bokki.mp3"
"dekai2","","misc/momuri/shuwa/junior/dekai2.mp3"
"futuu","","misc/momuri/shuwa/junior/futuu.mp3"
"hikiage","","misc/momuri/shuwa/junior/hikiage.mp3"
"homo4","","misc/momuri/shuwa/junior/homo4.mp3"
"horumon3","","misc/momuri/shuwa/junior/horumon3.mp3"
"jodan5","","misc/momuri/shuwa/junior/jodan5.mp3"
"kensa","","misc/momuri/shuwa/junior/kensa.mp3"
"koubutu","","misc/momuri/shuwa/junior/koubutu.mp3"
"mayaku","","misc/momuri/shuwa/junior/mayaku.mp3"
"miryoku","","misc/momuri/shuwa/junior/miryoku.mp3"
"naniwo3","","misc/momuri/shuwa/junior/naniwo3.mp3"
"ninsin","","misc/momuri/shuwa/junior/ninsin.mp3"
"onna4","","misc/momuri/shuwa/junior/onna4.mp3"
"suki","","misc/momuri/shuwa/junior/suki.mp3"
"shouki2","","misc/momuri/shuwa/junior/syouki2.mp3"
"tanosi2","","misc/momuri/shuwa/junior/tanosi2.mp3"
"tikubi","","misc/momuri/shuwa/junior/tikubi.mp3"
"tuwari","","misc/momuri/shuwa/junior/tuwari.mp3"
"aho2","","misc/momuri/shuwa/king/aho2.mp3"
"anta3","","misc/momuri/shuwa/king/anta3.mp3"
"anta4","","misc/momuri/shuwa/king/anta4.mp3"
"bare","","misc/momuri/shuwa/king/bare.mp3"
"hi8","","misc/momuri/shuwa/king/hi8.mp3"
"hi9","","misc/momuri/shuwa/king/hi9.mp3"
"jama3","","misc/momuri/shuwa/king/jama3.mp3"
"kokuso","","misc/momuri/shuwa/king/kokuso.mp3"
"kutabare4","","misc/momuri/shuwa/king/kutabare4.mp3"
"mayaku2","","misc/momuri/shuwa/king/mayaku2 .mp3"
"modotta","","misc/momuri/shuwa/king/modotta.mp3"
"oha6","","misc/momuri/shuwa/king/oha6.mp3"
"oha7","","misc/momuri/shuwa/king/oha7.mp3"
"stu14","","misc/momuri/shuwa/king/stu14.mp3"
"unti","","misc/momuri/shuwa/king/unti.mp3"
"unti2","","misc/momuri/shuwa/king/unti2.mp3"
"unti3","","misc/momuri/shuwa/king/unti3.mp3"
"wc","","misc/momuri/shuwa/king/wc.mp3"
"yabai2","","misc/momuri/shuwa/king/yabai2.mp3"
"yawa","","misc/momuri/shuwa/king/yawa.mp3"
"baka9","","misc/momuri/shuwa/last/baka9.mp3"
"furo","","misc/momuri/shuwa/last/furo.mp3"
"jodan6","","misc/momuri/shuwa/last/jodan6.mp3"
"kokoga","","misc/momuri/shuwa/last/kokoga.mp3"
"korosita3","","misc/momuri/shuwa/last/korosita3.mp3"
"naki","","misc/momuri/shuwa/last/naki.mp3"
"saikou2","","misc/momuri/shuwa/last/saikou2.mp3"
"souda3","","misc/momuri/shuwa/last/souda3.mp3"
"shuwa4","","misc/momuri/shuwa/last/syuwa4.mp3"
"ta-mi2","","misc/momuri/shuwa/last/ta-mi2.mp3"
"tenki","","misc/momuri/shuwa/last/tenki.mp3"
"zou","","misc/momuri/shuwa/last/zou.mp3"
"200","","misc/momuri/shuwa/pred/200.mp3"
"5m","","misc/momuri/shuwa/pred/5m.mp3"
"aaa","","misc/momuri/shuwa/pred/aaa.mp3"
"abayo","","misc/momuri/shuwa/pred/abayo.mp3"
"aji","","misc/momuri/shuwa/pred/aji.mp3"
"dekai","","misc/momuri/shuwa/pred/dekai.mp3"
"doji","","misc/momuri/shuwa/pred/doji.mp3"
"fujimi","","misc/momuri/shuwa/pred/fujimi.mp3"
"gerira","","misc/momuri/shuwa/pred/gerira.mp3"
"gerira2","","misc/momuri/shuwa/pred/gerira2.mp3"
"gerira3","","misc/momuri/shuwa/pred/gerira3.mp3"
"heri","","misc/momuri/shuwa/pred/heri.mp3"
"hidee2","","misc/momuri/shuwa/pred/hidee2.mp3"
"hisa","","misc/momuri/shuwa/pred/hisa.mp3"
"hottoke","","misc/momuri/shuwa/pred/hottoke.mp3"
"ikiteta","","misc/momuri/shuwa/pred/ikiteta.mp3"
"ikou2","","misc/momuri/shuwa/pred/ikou2.mp3"
"iku3","","misc/momuri/shuwa/pred/iku3.mp3"
"ikuzo3","","misc/momuri/shuwa/pred/ikuzo3.mp3"
"kirei","","misc/momuri/shuwa/pred/kirei.mp3"
"kiyagare","","misc/momuri/shuwa/pred/kiyagare.mp3"
"koiyo2","","misc/momuri/shuwa/pred/koiyo2.mp3"
"kokode","","misc/momuri/shuwa/pred/kokode.mp3"
"kotti4","","misc/momuri/shuwa/pred/kotti4.mp3"
"kowai3","","misc/momuri/shuwa/pred/kowai3.mp3"
"kyoufu","","misc/momuri/shuwa/pred/kyoufu.mp3"
"medake","","misc/momuri/shuwa/pred/medake.mp3"
"minikui","","misc/momuri/shuwa/pred/minikui.mp3"
"naizou","","misc/momuri/shuwa/pred/naizou.mp3"
"nanda4","","misc/momuri/shuwa/pred/nanda4.mp3"
"nanika","","misc/momuri/shuwa/pred/nanika.mp3"
"noppo","","misc/momuri/shuwa/pred/noppo.mp3"
"okage","","misc/momuri/shuwa/pred/okage.mp3"
"osorosi2","","misc/momuri/shuwa/pred/osorosi2.mp3"
"rgr3","","misc/momuri/shuwa/pred/rgr3.mp3"
"rgr4","","misc/momuri/shuwa/pred/rgr4.mp3"
"ru-to","","misc/momuri/shuwa/pred/ru-to.mp3"
"sasi","","misc/momuri/shuwa/pred/sasi.mp3"
"sg4","","misc/momuri/shuwa/pred/sg4.mp3"
"sitai4","","misc/momuri/shuwa/pred/sitai4.mp3"
"sitometa","","misc/momuri/shuwa/pred/sitometa.mp3"
"soko","","misc/momuri/shuwa/pred/soko.mp3"
"shuwa","","misc/momuri/shuwa/pred/syuwa.mp3"
"taosite2","","misc/momuri/shuwa/pred/taosite2.mp3"
"tiga","","misc/momuri/shuwa/pred/tiga.mp3"
"tikara","","misc/momuri/shuwa/pred/tikara.mp3"
"tiwo","","misc/momuri/shuwa/pred/tiwo.mp3"
"ue2","","misc/momuri/shuwa/pred/ue2.mp3"
"ura","","misc/momuri/shuwa/pred/ura.mp3"
"yosite","","misc/momuri/shuwa/pred/yosite.mp3"
"homo5","","misc/momuri/shuwa/priv/homo5.mp3"
"kuttuki","","misc/momuri/shuwa/priv/kuttuki.mp3"
"sensha","","misc/momuri/shuwa/priv/sensya.mp3"
"tama","","misc/momuri/shuwa/priv/tama.mp3"
"tama2","","misc/momuri/shuwa/priv/tama2.mp3"
"uekara","","misc/momuri/shuwa/priv/uekara.mp3"
"akira2","","misc/momuri/shuwa/redbull/akira2.mp3"
"baka6","","misc/momuri/shuwa/redbull/baka6.mp3"
"baka7","","misc/momuri/shuwa/redbull/baka7.mp3"
"baka8","","misc/momuri/shuwa/redbull/baka8.mp3"
"coca","","misc/momuri/shuwa/redbull/coca.mp3"
"detekoi2","","misc/momuri/shuwa/redbull/detekoi2.mp3"
"fuzake5","","misc/momuri/shuwa/redbull/fuzake5.mp3"
"gokurou2","","misc/momuri/shuwa/redbull/gokurou2.mp3"
"heroin","","misc/momuri/shuwa/redbull/heroin.mp3"
"hi7","","misc/momuri/shuwa/redbull/hi7.mp3"
"homo","","misc/momuri/shuwa/redbull/homo.mp3"
"homo2","","misc/momuri/shuwa/redbull/homo2.mp3"
"homo3","","misc/momuri/shuwa/redbull/homo3.mp3"
"hotel","","misc/momuri/shuwa/redbull/hotel.mp3"
"iiude","","misc/momuri/shuwa/redbull/iiude.mp3"
"inc5","","misc/momuri/shuwa/redbull/inc5.mp3"
"ittenai","","misc/momuri/shuwa/redbull/ittenai.mp3"
"jodan3","","misc/momuri/shuwa/redbull/jodan3.mp3"
"jodan4","","misc/momuri/shuwa/redbull/jodan4.mp3"
"kaeru2","","misc/momuri/shuwa/redbull/kaeru2.mp3"
"kaeru3","","misc/momuri/shuwa/redbull/kaeru3.mp3"
"kateru2","","misc/momuri/shuwa/redbull/kateru2.mp3"
"keri","","misc/momuri/shuwa/redbull/keri.mp3"
"kiss2","","misc/momuri/shuwa/redbull/kiss2.mp3"
"kuruma4","","misc/momuri/shuwa/redbull/kuruma4.mp3"
"kuruma5","","misc/momuri/shuwa/redbull/kuruma5.mp3"
"kuruma6","","misc/momuri/shuwa/redbull/kuruma6.mp3"
"kuso3","","misc/momuri/shuwa/redbull/kuso3.mp3"
"kusodame","","misc/momuri/shuwa/redbull/kusodame.mp3"
"makasete2","","misc/momuri/shuwa/redbull/makasete2.mp3"
"mane","","misc/momuri/shuwa/redbull/mane.mp3"
"mataaou2","","misc/momuri/shuwa/redbull/mataaou2.mp3"
"musho","","misc/momuri/shuwa/redbull/musyo.mp3"
"oboe","","misc/momuri/shuwa/redbull/oboe.mp3"
"omaemo2","","misc/momuri/shuwa/redbull/omaemo2.mp3"
"otegara","","misc/momuri/shuwa/redbull/otegara.mp3"
"otoko2","","misc/momuri/shuwa/redbull/otoko2.mp3"
"rosia","","misc/momuri/shuwa/redbull/rosia.mp3"
"sihon","","misc/momuri/shuwa/redbull/sihon.mp3"
"sihon2","","misc/momuri/shuwa/redbull/sihon2.mp3"
"soren","","misc/momuri/shuwa/redbull/soren.mp3"
"soren2","","misc/momuri/shuwa/redbull/soren2.mp3"
"soukutu","","misc/momuri/shuwa/redbull/soukutu.mp3"
"shouki","","misc/momuri/shuwa/redbull/syouki.mp3"
"tako","","misc/momuri/shuwa/redbull/tako.mp3"
"tamatama","","misc/momuri/shuwa/redbull/tamatama.mp3"
"thx9","","misc/momuri/shuwa/redbull/thx9.mp3"
"tikusho3","","misc/momuri/shuwa/redbull/tikusho3.mp3"
"tikusho4","","misc/momuri/shuwa/redbull/tikusho4.mp3"
"tomodati3","","misc/momuri/shuwa/redbull/tomodati3.mp3"
"ugokuna","","misc/momuri/shuwa/redbull/ugokuna.mp3"
"yakedo","","misc/momuri/shuwa/redbull/yakedo.mp3"
"ketu3","","misc/momuri/shuwa/sabo/ketu3.mp3"
"poko","","misc/momuri/shuwa/sabo/poko.mp3"
"poko2","","misc/momuri/shuwa/sabo/poko2.mp3"
"pyro3","","misc/momuri/shuwa/sabo/pyro3.mp3"
"pyro4","","misc/momuri/shuwa/sabo/pyro4.mp3"
"anta2","","misc/momuri/shuwa/term/anta2.mp3"
"atama4","","misc/momuri/shuwa/term/atama4.mp3"
"fuku","","misc/momuri/shuwa/term/fuku.mp3"
"fuku2","","misc/momuri/shuwa/term/fuku2.mp3"
"fuzake3","","misc/momuri/shuwa/term/fuzake3.mp3"
"ko-hi-2","","misc/momuri/shuwa/term/ko-hi-2.mp3"
"matakuru","","misc/momuri/shuwa/term/matakuru.mp3"
"mise","","misc/momuri/shuwa/term/mise.mp3"
"usero","","misc/momuri/shuwa/term/usero.mp3"
"usero2","","misc/momuri/shuwa/term/usero2.mp3"
"yoru2","","misc/momuri/shuwa/term/yoru2.mp3"
"yugami2","","misc/momuri/shuwa/term/yugami2.mp3"
"250mg","","misc/momuri/shuwa/term2/250mg.mp3"
"atama5","","misc/momuri/shuwa/term2/atama5.mp3"
"bakemono2","","misc/momuri/shuwa/term2/bakemono2.mp3"
"douka","","misc/momuri/shuwa/term2/douka.mp3"
"fuku3","","misc/momuri/shuwa/term2/fuku3.mp3"
"gaki2","","misc/momuri/shuwa/term2/gaki2.mp3"
"gatagata","","misc/momuri/shuwa/term2/gatagata.mp3"
"gei","","misc/momuri/shuwa/term2/gei.mp3"
"hayaku4","","misc/momuri/shuwa/term2/hayaku4.mp3"
"hone","","misc/momuri/shuwa/term2/hone.mp3"
"hone2","","misc/momuri/shuwa/term2/hone2.mp3"
"keisatu2","","misc/momuri/shuwa/term2/keisatu2.mp3"
"keisatu3","","misc/momuri/shuwa/term2/keisatu3.mp3"
"naniwo2","","misc/momuri/shuwa/term2/naniwo2.mp3"
"naniyo","","misc/momuri/shuwa/term2/naniyo.mp3"
"np3","","misc/momuri/shuwa/term2/np3.mp3"
"oha4","","misc/momuri/shuwa/term2/oha4.mp3"
"ojisan2","","misc/momuri/shuwa/term2/ojisan2.mp3"
"ori","","misc/momuri/shuwa/term2/ori.mp3"
"ta-mi","","misc/momuri/shuwa/term2/ta-mi.mp3"
"teki-ra","","misc/momuri/shuwa/term2/teki-ra.mp3"
"usero3","","misc/momuri/shuwa/term2/usero3.mp3"
"yuuri","","misc/momuri/shuwa/term2/yuuri.mp3"
"fuku4","","misc/momuri/shuwa/term3/fuku4.mp3"
"fuzake4","","misc/momuri/shuwa/term3/fuzake4.mp3"
"jodan2","","misc/momuri/shuwa/term3/jodan2.mp3"
"kane","","misc/momuri/shuwa/term3/kane.mp3"
"massatu","","misc/momuri/shuwa/term3/massatu.mp3"
"modotte","","misc/momuri/shuwa/term3/modotte.mp3"
"ori2","","misc/momuri/shuwa/term3/ori2.mp3"
"owari2","","misc/momuri/shuwa/term3/owari2.mp3"
"akire","","misc/momuri/shuwa/tinmoku/akire.mp3"
"anime","","misc/momuri/shuwa/tinmoku/anime.mp3"
"buppa","","misc/momuri/shuwa/tinmoku/buppa.mp3"
"genki5","","misc/momuri/shuwa/tinmoku/genki5.mp3"
"kibun4","","misc/momuri/shuwa/tinmoku/kibun4.mp3"
"kiraku","","misc/momuri/shuwa/tinmoku/kiraku.mp3"
"konna2","","misc/momuri/shuwa/tinmoku/konna2.mp3"
"naniga2","","misc/momuri/shuwa/tinmoku/naniga2.mp3"
"oreni2","","misc/momuri/shuwa/tinmoku/oreni2.mp3"
"oreni3","","misc/momuri/shuwa/tinmoku/oreni3.mp3"
"party2","","misc/momuri/shuwa/tinmoku/party2.mp3"
"pro4","","misc/momuri/shuwa/tinmoku/pro4.mp3"
"sonoyo","","misc/momuri/shuwa/tinmoku/sonoyo.mp3"
"sugoi3","","misc/momuri/shuwa/tinmoku/sugoi3.mp3"
"type","","misc/momuri/shuwa/tinmoku/type.mp3"
"ded3","","misc/momuri/shuwa/total/ded3.mp3"
"kuruma7","","misc/momuri/shuwa/total/kuruma7.mp3"
"mane2","","misc/momuri/shuwa/total/mane2.mp3"
"riyou","","misc/momuri/shuwa/total/riyou.mp3"
"stu15","","misc/momuri/shuwa/total/stu15.mp3"
"trip","","misc/momuri/shuwa/total/trip.mp3"
"yappari3","","misc/momuri/shuwa/total/yappari3.mp3"
"yose","","misc/momuri/shuwa/total/yose.mp3"
"abunai3","","misc/momuri/shuwa/true/abunai3.mp3"
"arab","","misc/momuri/shuwa/true/arab.mp3"
"batte2","","misc/momuri/shuwa/true/batte2.mp3"
"butto","","misc/momuri/shuwa/true/butto.mp3"
"gn2","","misc/momuri/shuwa/true/gn2.mp3"
"haitte","","misc/momuri/shuwa/true/haitte.mp3"
"kuru2","","misc/momuri/shuwa/true/kuru2.mp3"
"kyaku","","misc/momuri/shuwa/true/kyaku.mp3"
"nanda5","","misc/momuri/shuwa/true/nanda5.mp3"
"nande5","","misc/momuri/shuwa/true/nande5.mp3"
"nani8","","misc/momuri/shuwa/true/nani8.mp3"
"oha5","","misc/momuri/shuwa/true/oha5.mp3"
"okusama","","misc/momuri/shuwa/true/okusama.mp3"
"omega","","misc/momuri/shuwa/true/omega.mp3"
"onna2","","misc/momuri/shuwa/true/onna2.mp3"
"onna3","","misc/momuri/shuwa/true/onna3.mp3"
"pro3","","misc/momuri/shuwa/true/pro3.mp3"
"soren3","","misc/momuri/shuwa/true/soren3.mp3"
"spy3","","misc/momuri/shuwa/true/spy3.mp3"
"sry7","","misc/momuri/shuwa/true/sry7.mp3"
"tehajime","","misc/momuri/shuwa/true/tehajime.mp3"
"tero2","","misc/momuri/shuwa/true/tero2.mp3"
"thx10","","misc/momuri/shuwa/true/thx10.mp3"
"tnk2","","misc/momuri/shuwa/true/tnk2.mp3"
"tugiha3","","misc/momuri/shuwa/true/tugiha3.mp3"
"ute3","","misc/momuri/shuwa/true/ute3.mp3"
"wasure","","misc/momuri/shuwa/true/wasure.mp3"
"yatta","","misc/momuri/shuwa/true/yatta.mp3"
"1more2","gaige","misc/momuri/bl2/gaige/1more2.mp3"
"akuto","","misc/momuri/bl2/gaige/akuto.mp3"
"atara","","misc/momuri/bl2/gaige/atara.mp3"
"attou","","misc/momuri/bl2/gaige/attou.mp3"
"baby","","misc/momuri/bl2/gaige/baby.mp3"
"badass","","misc/momuri/bl2/gaige/badass.mp3"
"badass2","","misc/momuri/bl2/gaige/badass2.mp3"
"baka10","","misc/momuri/bl2/gaige/baka10.mp3"
"bye","","misc/momuri/bl2/gaige/bye.mp3"
"cheat2","","misc/momuri/bl2/gaige/cheat2.mp3"
"crit","","misc/momuri/bl2/gaige/crit.mp3"
"donna","","misc/momuri/bl2/gaige/donna.mp3"
"game","","misc/momuri/bl2/gaige/game.mp3"
"genki6","","misc/momuri/bl2/gaige/genki6.mp3"
"hero","","misc/momuri/bl2/gaige/hero.mp3"
"hi10","","misc/momuri/bl2/gaige/hi10.mp3"
"iimono","","misc/momuri/bl2/gaige/iimono.mp3"
"iiwa3","","misc/momuri/bl2/gaige/iiwa3.mp3"
"ikasu","","misc/momuri/bl2/gaige/ikasu.mp3"
"ikiteru","","misc/momuri/bl2/gaige/ikiteru.mp3"
"imano","","misc/momuri/bl2/gaige/imano.mp3"
"jigoku3","","misc/momuri/bl2/gaige/jigoku3.mp3"
"kimete","","misc/momuri/bl2/gaige/kimete.mp3"
"kita","","misc/momuri/bl2/gaige/kita.mp3"
"kiwo2","","misc/momuri/bl2/gaige/kiwo2.mp3"
"kuruma8","","misc/momuri/bl2/gaige/kuruma8.mp3"
"lol5","","misc/momuri/bl2/gaige/lol5.mp3"
"lol6","","misc/momuri/bl2/gaige/lol6.mp3"
"monster","","misc/momuri/bl2/gaige/monster.mp3"
"noobgg","","misc/momuri/bl2/gaige/noobgg.mp3"
"omocha","","misc/momuri/bl2/gaige/omocha.mp3"
"osii","","misc/momuri/bl2/gaige/osii.mp3"
"owari3","","misc/momuri/bl2/gaige/owari3.mp3"
"party","","misc/momuri/bl2/gaige/party.mp3"
"robot5","","misc/momuri/bl2/gaige/robot5.mp3"
"sinda","","misc/momuri/bl2/gaige/sinda.mp3"
"taikutu2","","misc/momuri/bl2/gaige/taikutu2.mp3"
"tama3","","misc/momuri/bl2/gaige/tama3.mp3"
"tanosimi","","misc/momuri/bl2/gaige/tanosimi.mp3"
"thx11","","misc/momuri/bl2/gaige/thx11.mp3"
"thx12","","misc/momuri/bl2/gaige/thx12.mp3"
"tomerare","","misc/momuri/bl2/gaige/tomerare.mp3"
"tosiro2","","misc/momuri/bl2/gaige/tosiro2.mp3"
"tugiha2","","misc/momuri/bl2/gaige/tugiha2.mp3"
"tuyoi","","misc/momuri/bl2/gaige/tuyoi.mp3"
"yamero","","misc/momuri/bl2/gaige/yamero.mp3"
"akui","ch","misc/momuri/ch/akui.mp3"
"battle","","misc/momuri/ch/battle.mp3"
"ijime","","misc/momuri/ch/ijime.mp3"
"ijime2","","misc/momuri/ch/ijime2.mp3"
"inu","","misc/momuri/ch/inu.mp3"
"keisan","","misc/momuri/ch/keisan.mp3"
"kibun5","","misc/momuri/ch/kibun5.mp3"
"kiki","","misc/momuri/ch/kiki.mp3"
"koe","","misc/momuri/ch/koe.mp3"
"kowai4","","misc/momuri/ch/kowai4.mp3"
"main","","misc/momuri/ch/main.mp3"
"migite2","","misc/momuri/ch/migite2.mp3"
"osikko2","","misc/momuri/ch/osikko2.mp3"
"yeah2","","misc/momuri/ch/yeah2.mp3"
"1more3","mobamas","misc/momuri/imas/1more3.mp3"
"denpa","","misc/momuri/imas/denpa.mp3"
"doya","","misc/momuri/imas/doya.mp3"
"honmono2","","misc/momuri/imas/honmono2.mp3"
"honryo","","misc/momuri/imas/honryo.mp3"
"kandou","","misc/momuri/imas/kandou.mp3"
"katai","","misc/momuri/imas/katai.mp3"
"kitemasu","","misc/momuri/imas/kitemasu.mp3"
"nantoka","","misc/momuri/imas/nantoka.mp3"
"osoro","","misc/momuri/imas/osoro.mp3"
"raishu","","misc/momuri/imas/raishu.mp3"
"sama","","misc/momuri/imas/sama.mp3"
"same","","misc/momuri/imas/same.mp3"
"tira","","misc/momuri/imas/tira.mp3"
"torimi","","misc/momuri/imas/torimi.mp3"
"yasu","","misc/momuri/imas/yasu.mp3"
